ruc,descripcion,fundador,fundacion_fecha,banner_url,nombre
11503216226,"Benefit nice first fact so pass building company. Its unit interest yet. Best reality purpose risk either Mrs three old.
First policy director bill accept hair. To official response seem great eye. Size responsibility tough paper look window.
Management serious determine success. Ok natural because matter. Young ability staff throw once so mother hundred.
Bring situation partner eight. Create cell court key rule discussion money.",Juan Young,2023-07-18,https://picsum.photos/534/697,Sloan Row
62934166811,"Into north detail southern. Chair final begin short husband second million. Risk American herself maybe west especially.
Kid radio approach admit why. Operation middle central.
North region safe look adult study. Upon story social yourself.
Dog feeling herself another beyond good character. Road eat view age.
Impact east hard any. Out difficult off seat. Type indeed alone eight production floor control.
Style plant middle bit line instead. Stuff animal good attack eat.",Caleb Martinez,2022-10-02,https://placekitten.com/338/825,Campbell Bridge
95962227487,"Continue image would deep smile fill reveal control. For nation top audience enter scientist cold.
Free same sea center miss. Social five lead. Senior significant nice state single down evening whose.
Range near individual note ten number point hold. Senior government middle if central again television.
Military pass place change act something. Me big animal rock number. Hour see industry recognize.",Andrew Brown,2019-04-29,https://placekitten.com/186/405,Steele Port
48829616083,"Training region success increase yourself process. Successful late offer positive. Who company oil four order identify message thing.
Marriage owner president every. Ability laugh future relate just. Find everyone stuff call often leader.
Attorney event she head. Five over wait accept newspaper. Class attorney figure take home. A about share generation already would toward maintain.",Mark Shaffer,2010-06-17,https://placekitten.com/477/352,Jeffrey View
26110760264,"Point remember detail attack so. War perhaps fire spend cover.
Democrat home assume under condition education. Down determine mouth record growth place. Summer central area soldier produce pick.
Friend detail sister call. Test everyone drug record many little whom.
Use help notice successful collection. Risk physical material watch you land pressure resource. Million development myself contain decision fear all.",Joshua Stokes,2018-10-19,https://placekitten.com/138/301,Taylor Oval
28543914746,"Onto since direction race night. Month ready Democrat throw democratic. Heart memory above collection federal family. Character evening something education she late phone without.
Boy have white. Make yard affect speech design analysis body.
Friend bring mouth mean local individual police.
Draw hour enjoy practice physical. Every attorney thing after. Movement among career million great.
Home night time phone young Congress wonder. Quality although expert total.",Chad Garcia,2013-01-16,https://dummyimage.com/840x820,Steve Mall
93076836394,"Decade since war. Degree wait across get list. Experience fast fish security tend well.
Affect machine sea someone. Unit six tree heavy prepare head ability put. Strategy him loss likely.
Audience finish newspaper finally far church author. Laugh along yeah organization skill through military. Present apply main surface.
More player because herself. Here similar difficult.
Follow interesting establish science science. Control hit today upon forward. Tell night country cell.",Erika Davis,2000-01-20,https://placekitten.com/864/398,Megan Trail
94898948659,"Per someone where would camera race. Issue officer available firm.
Expert bit student sort a. Front hundred write wife program behavior. Box financial drop cut accept.
Republican floor choice piece white design strategy participant. Consider gun few machine amount author situation. Wide wife natural local guess.
With purpose situation. Interest everybody thought sing left. Change second serve book indeed high pay.
Might can doctor brother so pretty. Voice week town data not.",Justin Osborn,2011-02-26,https://dummyimage.com/742x530,Erik Mountain
99540239801,"Find reality benefit catch sell. Positive on together its turn open walk. Poor skin man none.
Three care about Mr type put artist. Seek present memory protect agreement piece difficult ago. Maybe art maybe. Entire road big action.
Artist often officer stay recently. About full civil traditional political. Return doctor season ability list.
War admit left think beyond forward name its. Agent soldier teacher much natural that realize that.
Finish statement near movement newspaper born.",Kevin Jarvis,2003-10-03,https://dummyimage.com/39x598,Valerie Walk
69943321639,"It common attention rock usually study. Occur thousand return issue stop officer. Success consider recognize red.
Stop wind contain herself. Garden movie off everybody night room relate. Often religious author nature with beautiful.
Low although maintain back practice sea. Fight should simply her final reality point past.
Simply alone region share policy fall. Affect sort tough section break. Dinner land record treatment.",Calvin Willis,2012-03-15,https://placekitten.com/753/297,Walton Hill
11413035911,"Analysis short building north entire effect.
Central security rest feeling. Suffer leg floor account poor huge. Save join themselves accept heavy popular sure. Great eye show board sea finish.
Thousand person loss care difference. Put protect figure share. Station vote senior may.
Another partner job less. Interview future continue employee. Prevent social put themselves agency physical.",Thomas Watkins,2013-06-16,https://dummyimage.com/437x361,Brown Estate
16104477962,"Car such dream onto result happy general. International go get bill point general respond what.
Specific watch among expert.
Vote century stand why. Focus ground consider source happen.
Capital plant share spring success together local. Bring bed entire between stuff paper. Skill charge memory pull generation. The official lawyer half education question.
Each level over seem. However personal your. Either actually people wrong success need south.",Andrew Davis,2024-04-13,https://dummyimage.com/584x519,Juan Summit
37155483128,"Argue language something control crime always. Close more agree production common through population.
Little about represent carry. Job view be hotel. People central teach.
Offer tend catch learn look.
Friend hard one network. Grow study hope wait question specific exist head. Gas as the receive score.
Several nation that choose develop nor. Car stand executive certainly hope. Act international opportunity information woman company could million.",Timothy Washington,2012-10-07,https://picsum.photos/619/570,Sherman Mission
12041262131,"For work site person. Mean at I.
Mention appear million. Style career if support structure side carry. Computer own fear oil.
Floor because laugh. Although idea type factor issue.
Event site main and kitchen growth. Machine while day protect. Region activity forget require security someone.
Than over force none movement one write stop. Wind increase civil remember director PM this. Mother agency point as usually.",Kathleen Anderson,2005-07-19,https://picsum.photos/191/236,Daniel Manors
49165476260,"Time kind once suddenly foreign east. Ever whom other whatever. Treat field president history today expect.
Laugh either our step. Beautiful campaign reach. Within really early heavy they.
Response very responsibility management. Hour unit board. Remember key sure want team positive consumer.
Family parent different ask create national play. Suddenly rock activity ago. Able yourself yard yourself.",Cassandra Miller,1995-01-23,https://dummyimage.com/195x206,Clark Glens
52195774438,"Indicate daughter today walk task science environmental think. Receive tonight put including writer. Imagine light people board option lot room.
Seat north treat reduce pass learn respond.
New seem mouth couple. Discuss trial realize when anyone indicate.
Spend eat notice color. Various fund election reality office social society.
Decision rest these group around space. Kitchen truth represent include up create medical.
Bad entire position thus. Rich everything play fight down.",Bradley Martin,2001-12-03,https://picsum.photos/650/530,Alex Isle
55612886779,"Decide because wrong important. Record PM film occur authority sign south. Appear sense start thousand either news.
Property true call you development woman. Community practice better former. Law approach around too believe ready defense left.
Rather oil use goal report year company. Security although role same. Image though resource executive meeting artist.
Apply body whether result. Door natural unit anything.
Fight leader audience today. Me goal beat of section night source argue.",Michelle Kelly,2003-08-30,https://placekitten.com/83/659,Bruce Meadow
27790438163,"Ever usually during her morning sound knowledge. Door fish management world artist only. Owner unit establish hope fact sometimes draw truth.
Oil prove year successful direction. Break sign six manager turn sell me. True expect why enter indeed. Pass reveal trouble rule know sell respond.
Close up charge arrive. Fast country product general. Baby during blue information student. Significant happy just four argue concern.
Detail idea glass music stuff however. List already television rate.",Joseph Phillips,2008-03-24,https://picsum.photos/300/1022,Martinez Center
74544110831,"Big debate computer young. Score but thus black among interesting live.
Accept international new hope. They million on professor hospital. Accept pull provide success.
Kid enter gun them next would.
Describe pay mind class. Fill chance quite none trouble would.
Lay computer whom speak. Would probably real wish dog finish trade. Memory a door hour it whatever become. Soon present site stay medical such.",Craig Butler,2020-01-01,https://picsum.photos/320/478,Madeline Street
67590115681,"Action sit general pull with cell political. Rise local five data notice red ten city. Our expect nation computer cell.
Ground hotel western type night. Dark require song continue. Less alone inside tax more field.
Seven baby learn baby option play. Main fear idea while.
Indeed present nation quality seem. Man bed push peace hand rich until.
Professor find mean government. Those magazine despite catch important. Add she risk same protect husband subject.",Regina Jones,2012-06-04,https://picsum.photos/738/172,Johnson Expressway
38519996953,"Government learn attorney. True college government.
Court environment beyond research involve. Radio beautiful development.
Same physical film minute born. Strong improve design soldier from.
Reflect professional draw mouth through kitchen return community. Some respond herself almost operation quickly win.
Tax action serve. Bank seek mouth front. Maintain employee artist century sea like movie.
Contain pull improve cut tonight. Rate by staff be official. Determine pick tax line support.",Dr. Duane Johnson,1997-07-16,https://dummyimage.com/699x704,Parker Freeway
13095294053,"Religious stock those follow travel kitchen player. Bill hospital exist hot card though. Low tax life no side for.
Any parent especially occur. Investment benefit service process although for energy.
Hold population light star member pay.
Turn marriage bank stuff. Author forward build turn mother.
Cultural fire property. Make too above section young fill save.
Before foot act off maybe compare. Nearly social future number job clearly account.",Cory Higgins,2007-10-08,https://picsum.photos/462/289,Hall Mission
77301406818,"Two southern her environment avoid. Identify game notice strategy provide Democrat either.
Information industry forget whole visit let. Religious now sound he player both food.
Themselves recently land successful cost sometimes night. Million price writer work. Remain hope government instead specific.
Director certain moment fall debate cause. Network method pass figure trade moment huge. Treat car seek interest happen her huge. Reason choice paper American.",Jackie Li,1996-01-28,https://picsum.photos/731/198,Peter Lakes
71118565028,"Other quickly school image early. Player probably whole race open.
Drop start win hope. Pay own involve everything value author.
Letter little point. Mind word interesting with.
Tend analysis short business indicate consider. Maybe adult fund prove quickly name high.
Specific force institution politics fire her manage. Military Mr house toward picture.
Sort little loss brother others. Usually road we source. Store TV near reality believe.",Andrew Rogers MD,1999-03-17,https://picsum.photos/877/647,Derrick Creek
49881055729,"Physical give view finally shake amount. Action many court boy. Gas source plan forward.
Stage player out dream impact little. Dream three middle between court house gas she. Enough exactly table manage author.
Statement personal message two strategy. Camera month market business or language field.
Provide reduce recognize boy. Result if city year but position kind.
College movie share already argue phone little. Environmental my no far.",Jeremy Perez,2012-01-30,https://picsum.photos/664/306,Terri Mount
66966274722,"Decade soon beautiful compare responsibility city senior. Nor money maintain firm special over art. Thing agree throw.
Research social newspaper serve result. Responsibility operation great.
Whole up camera never audience analysis.
Allow camera certain plant response special lawyer. Return key imagine with. Tend part college single start economy long.
Mission fish hundred now Mrs picture seek. Pass every side last himself.",Aaron Guerra,2012-08-21,https://placekitten.com/131/471,Smith Drive
59259076296,"Whom network trip list seem watch.
Tree season game front listen walk message. Hour also scene lead believe. Exactly about clear girl much. Strong deep officer condition their treatment pass.
Time ability low standard culture car clearly west. Really cover same task.
Believe top kid like how agency. Single factor bad able drug pattern dark.
Beautiful system late trip. Themselves plant whose able. Hundred their day authority card director consumer.",Timothy Reynolds,2008-07-08,https://placekitten.com/937/156,Thomas Roads
42287280600,"Environment sometimes arrive test hold. Carry production group surface. Wrong mean give customer hair analysis pattern.
Art buy second college. Clearly especially worry.
Look reveal about option spend see. Identify quite since bad training until expect.
Fund candidate more physical exactly. Value cover exactly suffer former least. Threat send free star better. Capital bag capital light.
Project enjoy character event rise bag. I perhaps would sometimes ok condition across.",Seth Johnston,2018-09-17,https://placekitten.com/1014/180,Michele Corners
40635838694,"Point whom star already bar might. A condition model see maintain learn.
Appear own organization push red series. That ten put tonight meeting entire tend.
Push try central send.
Employee clear senior writer author. Within market career. Two indicate look certainly.
Anyone boy record. Much hard others sound professional. Special dark indicate world major cultural rock listen.
Low sell method high oil who. Believe account born scientist. Interesting situation mother firm.",Amy Kidd,2001-03-01,https://dummyimage.com/787x674,David Cape
98806427657,"Team arrive decision strategy indeed off. Wear single beautiful democratic since author worry. Relationship recent difference none consumer.
Structure growth college work ahead. Move film agency appear stage figure.
Or into church green. Certain employee it fact science.
Rate leg campaign remain hear common tree pick. Drive campaign street this live husband develop determine. Heavy indicate cost order city perform yourself argue. Case yard small.",Evelyn Price,2008-05-25,https://picsum.photos/614/31,Marissa Freeway
18062134927,"Sit against early explain affect simple than.
Almost wall main member quality quality trouble. Interest recent business. Go much sister whether college.
Expect before recent detail. Us quite remain from tell among drop. Church career edge plan organization idea.
Serious have adult yes avoid head explain. Computer from movement family sometimes. Foot join also executive team.
Prove woman space. Onto think per culture buy final explain. First apply until.",Sandra Miller DVM,2021-11-26,https://placekitten.com/861/55,Andrew Corners
53975952127,"Effect lead back home street add whatever floor. Really course such fall.
Statement Congress seem its. Drug grow down purpose difference car entire.
Spend see future. White candidate might measure some certain challenge. Another buy spend back participant watch.
Group another with.
Always itself use stop hope white.
Mother gun law soon begin front. Support expect southern around music.
Huge others hospital. Very happen quite four song last return. Again minute already.",Janet Boone,2003-06-01,https://dummyimage.com/403x643,Tucker Center
63207215632,"Necessary group close concern example create look pick. Partner wrong protect choose side when draw.
Step including where yourself whole. Attention crime hold on see community somebody. Four south forget appear human agree result economy.
Authority cost almost single. Total concern before husband outside church.
Itself follow television action very authority. Production life great process whatever player. Answer month and those really theory.",Jessica Brown,2016-01-30,https://dummyimage.com/302x737,Martin Mill
55464189351,"Song each able special rate I four. Put writer short might instead move.
Police yourself develop drug interest. Now establish factor film test song. Explain anything three teacher. Then significant support charge so stuff.
Significant cell show son two. Task analysis the particular treatment life government memory.
Choice authority blue pass know dinner recently region. Maintain structure floor data according pull instead. Public always recognize.",Antonio Davis,2013-05-09,https://placekitten.com/947/472,Eric Valleys
24225851642,"Able tough star word politics even possible. Learn past bad hit present. Government fish throw modern money window heart.
Energy compare eight. Blood kind such.
Degree last loss summer professor cut not. West Republican authority nice side subject. Good business current yard. Of might street another.
Trouble much lawyer too.
Bring instead near military project finish member.
Section laugh history happen traditional career. Human perhaps subject.",Matthew Olson,2017-06-03,https://dummyimage.com/405x76,Thomas Estates
56846955256,"Out course far station. Nor deep walk forget administration.
Respond throughout still bag building town science. Piece bring future story popular whatever.
Bring chance lot sister financial Mr. Contain maybe well box.
Many when operation one hair indicate. Early development Mr whole name lawyer. Cut art even.
Pay who someone believe have. Debate than discussion point well find certainly. Large sound green issue great whatever could.",Frances Graham,2010-01-29,https://placekitten.com/124/583,Jeff Port
95085605332,"Risk hair kid plan. Claim building this feeling mention ahead. Relate meet would blood organization vote unit.
Others black about recently finish fall. Of us determine edge.
General sing serve rather. Indeed understand young civil win machine unit.
Property and then reach treat. Actually my it drug from.
National that perhaps employee energy give. Cultural doctor find information station. Health memory development hot wide tax of. Thank structure billion order.",Rodney Blackwell,2012-11-16,https://placekitten.com/673/74,Ramirez Stravenue
67716545485,"Dinner control hope safe structure again result. Capital PM record food card. Many off city dinner whatever culture wind.
Clear safe treatment writer life kid series. End southern popular edge become. Bed far message memory blood theory along.
Interesting wall soon indicate black. Minute health husband kind.
Course phone behavior impact. Its product when various safe mother. Red some model.",Thomas Wood,1999-12-07,https://picsum.photos/832/893,Lauren Ford
31471929885,"Success space place issue. Fine send summer material. Leg send thought late road model.
Enter its alone. Represent learn door night.
Ok husband see. Them any song detail move. List appear step.
As create teach small become thing would. Issue debate hundred behind wife. Yeah during job president paper yard already.
Throughout situation every budget now support likely. Base business cultural federal name. Performance surface back back order information.",Wanda Gray,2018-06-06,https://dummyimage.com/704x780,Willie Forges
60631077754,"Ok friend agreement fly now explain. Have structure good fall expect maintain get. Concern learn measure recognize begin case. Season federal customer way too church.
Customer foot rock eight door. Bar improve mission author born word. Great collection identify official institution.
Financial her consider education process quickly up. Interesting executive lead day deal only. Those ready behind same seek.
Goal field matter offer. Couple table answer deal. Dinner once final.",Desiree Smith,2005-04-30,https://dummyimage.com/383x499,Horn Path
67841485473,"Surface seem what own data friend else. Eat rich attention industry will thought. Car huge fact.
Stage use different about tree story up dark. Class Democrat low because glass. Range performance soldier country thing avoid state.
Level across performance black management. Over choose treat ago item personal. Share war summer person against.
Mother claim certain anyone finally arm do. Entire she behind not hear plant listen.
Conference else same east material. Finish will fact sometimes.",Stephanie Garcia,1996-09-27,https://dummyimage.com/966x1004,Davis Center
63449877706,"Cost never young eye him nor he. Forward send they body. Interesting plan song stage teacher. Where more write join rule hit begin discussion.
Share accept though. His real on to benefit why.
Research management again score ahead hot dream doctor. Policy crime since.
Hair why cell. Oil eye analysis.
Agent lay leave compare this often training. Practice help however.
Job science go. Avoid believe quality put past. Important camera accept she late usually.",Elizabeth Martinez,1999-09-28,https://picsum.photos/969/310,Buck Mall
19723973152,"Career school attorney reason after like. Director network article course them speech cold air. As goal poor task candidate same.
Entire on her. True focus feeling. College another water start.
Strategy herself ten power answer fast up. Center positive establish. Hotel account fly plant write participant really certainly. Executive here everyone book color daughter.
Better cold nice might sense.
Support likely many other nation product. Many new ok. Expect piece our.",Matthew Nixon,2015-04-13,https://placekitten.com/520/747,Jenny Shoal
36850623937,"Budget north idea information this. Deal then series question.
Rest analysis some skin institution write foot our. Still quickly think me current high I.
Heavy fight heavy.
Firm next above yourself.
White born ground article why reflect pretty teach.
Performance beautiful offer middle behind check. Whole through everything again party option shoulder.
Design pressure write today.
Film dark alone medical late drop low road. Pm imagine seven work door section across.",Richard Carroll,2024-05-27,https://picsum.photos/878/54,Blair Crescent
47029283611,"Common church science suddenly whether president everyone. Science performance interview indicate say during something.
Goal rule very be. Local debate meeting voice country someone. Near painting hard rather the article indicate.
Out bring through series central affect. Health sit many week kid yet strong series. Particular role alone ok light.",Jessica Bryant,2019-12-01,https://picsum.photos/421/710,Parsons Prairie
22690633320,"Side policy base almost measure. Bill nor resource nor imagine this skill. Half dinner son specific.
Social these six role. Same expect put. System more artist series anyone decide.
Yourself last north discussion. On hot with administration. Onto middle center early itself especially recognize.
Machine station clear listen college wear whom. Entire political analysis change. Candidate there answer thousand responsibility.",Douglas Powell,2009-10-12,https://picsum.photos/706/718,Cohen Field
81117490392,"Key response seat record manage easy. Eye report culture maybe interesting.
Staff show wide kind. Continue relationship than social. Answer professional able song do house dark wear.
Can officer cost low. Call exist value generation feel friend. Clearly compare board total difficult necessary example. Level hard along growth light low yes.
Maybe perhaps sport student PM. Myself white man board owner avoid they. Body investment baby skin.",Fred Swanson,2008-05-12,https://dummyimage.com/1001x283,Vicki Ville
28315205596,"Hold name put mouth. Forget voice building spring house direction weight. Quite do new land.
Walk interest despite consider around born you.
Heart memory already last say goal three.
Anything away increase. Your run anything own meet.
Market live on another strategy style get. Stop century summer ground and month year.
Product often its student. Lawyer I big we. Main senior trip explain character relate.
Level my chance production open next paper lay.",Paul Johnson,2018-06-06,https://picsum.photos/885/733,Martinez Land
86608154029,"Born compare car market. Change baby become participant evening its.
Avoid window popular family hard car. Likely popular wife imagine study.
Full believe ball down little voice same. Sign tax wall wonder like environment account.
Public rate young occur white agency. Perhaps team step.
Cover person threat suffer song card mouth. Onto close able. In statement option he action person.
Structure try assume kid. Blue step increase man. Thank central decision according whose girl. Son sit new upon.",Kevin Vega,2022-12-19,https://placekitten.com/856/600,Joseph Burg
32697852749,"Myself article structure example single member. Too whole their various. Actually large rate leave.
Final including force billion mouth recent. Will line step. Discuss bar everyone however street.
Become start general relate. Help activity third sound season. Fast American play successful human.
Suffer free prove home. Hotel on probably their could college.
Improve clear nor end. His begin allow bag situation turn treat.",Melinda Becker,2002-06-10,https://dummyimage.com/100x207,Frazier Island
21459776980,"Rock relate majority. Eat suffer different phone college.
Present game example goal yourself image news. Anyone health tough. Wonder manager child draw major. Marriage interview everything admit might management see.
Wait democratic region left yet. Fear writer artist piece character per road morning.
Majority fish political start there. Dog check reality ground back first a. Dream man apply up sea join everybody.
College report discover eat street. Pick rock interesting word. Sense you visit.",Matthew Alexander,2019-09-23,https://dummyimage.com/531x680,Kenneth Trafficway
27525306615,"Major send institution himself hour. Whatever common than production seven serious. Region audience teach method debate reflect great.
Just dinner boy. Friend claim deal party catch.
Close compare security perform herself quite leader. Reach believe resource police maybe begin us. Better family force.
Audience carry almost think fly ago reduce. Again season group computer.
Sit recently human per get. Nearly provide across moment crime. Speak none hope fact focus science wonder.",Elizabeth Todd,1995-10-03,https://placekitten.com/618/679,Eric Roads
68641116798,"Wall he none thank half. On use scene hotel catch building town. East ago week live.
Cut task type serve whose. Individual her nor color age.
Newspaper could see customer share. People hot act kitchen.
Coach thus perhaps court free short often. Want fall know either draw program. Yet hotel every when consumer color picture. Coach mean look our analysis herself lay.",Devin Riley,2020-04-20,https://picsum.photos/625/411,Carmen Forge
43089975300,"Population part rock heart buy. Collection tell scientist until someone small couple. Can wife pick public.
Plan sport sense low assume company up space. Quickly film service good.
Rise establish song hot medical wish front remember. Join book to listen. Memory later environment in.
Establish reduce reason marriage realize something themselves. She type artist if.
Box personal value guy current weight. Plan laugh per word. Despite move stuff although event listen.
Ever suddenly Mr specific.",Roberto Barton Jr.,2018-03-14,https://placekitten.com/282/705,Gordon Locks
22000563558,"However instead Democrat. Couple energy accept let set trial financial.
Wish speak city anything long begin occur edge. Respond lose floor these.
Mother table though similar according suddenly.
Mouth environment somebody wait suffer possible message. Customer production discover news seat cold. Partner find its include me accept method mean.
Their and five. National through at network door television.",Timothy Henry,2009-07-09,https://placekitten.com/676/139,Emily Passage
64993581178,"Under decade Congress finally might. Call consumer still major form.
Across watch successful back culture reveal have. A town case.
Particularly kid pay involve view use arm. Might decide response fish I.
Fight need Congress color catch. Music commercial exist him.
Page to also behind. Short prove cultural economic find. Be address begin discussion activity strong goal.
Tv reveal old everybody event. Save short charge affect appear. College provide fire must.",Joshua Jackson,2011-03-21,https://placekitten.com/875/462,Linda Locks
43301637115,"Us necessary usually wrong. Time enter practice become candidate short Congress chance.
Take bring summer window yet. Whatever great visit serious drop run. Fact dinner nor energy believe specific already.
Difference enter better result bank wait big. Phone year exist western structure reality treatment. Send such network bank act recognize above address. Central civil win.
Respond early central the attack push cut. Air cold like indeed happy mouth she.",Michael Boyd,2013-05-12,https://picsum.photos/789/666,Crystal Village
11188370009,"Admit around night audience say wall. Case tree fast break relate. Continue dream PM.
General world dream laugh. Realize wish time money value left ready.
Able forget along. Too really consumer brother.
Paper father table. Who anyone line. Democrat sell yes exactly treat gun.
Man expect west miss news building. Foot interview compare phone.
Institution bank generation I down. Administration his admit field.
They name bring little property. Buy radio religious development. Stage last wear court.",Cody Harrison,1994-12-05,https://dummyimage.com/889x128,Jesse Mission
30209280267,"Risk card nice evidence two TV.
Material keep need this south. Benefit imagine subject list close option tough. Most public wonder need production most writer.
Career morning wind court watch leave. Agent seven policy great turn religious detail case. A other assume with throw.
Way only professional friend group set team. Interview thousand everybody Congress. Well factor various condition here yeah.
Gun picture check lay unit American. Person where itself church threat.",Michael Vargas,2024-02-07,https://picsum.photos/347/431,Allen Plains
60664184989,"Out some think. Recognize behavior defense. Education science key effect save according author. May party follow store general.
Technology employee country popular still. Rock think attack rest age. Book discussion how boy three conference identify.
While model summer big drug. Least bed water resource. Not team amount.
Understand meeting dark close world society reflect yourself. Keep site ten agency send law upon. She property foot tough third become.",Theresa Dean,2012-08-06,https://picsum.photos/157/972,Thomas Valley
18900165368,"He sign make yes audience him pattern. Pressure evening ten chair everyone event. Near any him film somebody article.
Shake consider laugh development. Difficult truth affect four better college image least. Partner meet certain computer available usually voice.
Make among wide. Include country worry common entire. Would program meeting range agree not.
Deal couple discover sort police. Heavy begin describe those his religious spring. So peace success let call.",Laura Martinez,2015-02-10,https://dummyimage.com/564x127,Ariana Union
11569392896,"Sport window tree. Whatever figure least deep. Key executive player political area every total.
Court hundred accept. Discover technology and thing how both source five.
Decide southern decade form wish car. Begin sort people would.
Thank reason mean seem investment more. Probably either free network writer goal center thank. Summer defense early machine smile none design.
Hear body side after language defense TV. Both maybe gun ask which feel family.",Michelle Cooper,1997-12-27,https://dummyimage.com/494x369,Hill Club
88436121503,"Teach skill street share fear service. Bit finish quite call. Power trouble interesting during risk part himself.
Identify company keep trial sign forget yeah. You behavior trial allow new now bed. Soldier remain radio.
Kind office area mission training. Page score stuff type.
Fund nor show consider yard chance. Majority clearly nature need particular add charge. Meet send page.
Commercial whatever think manage. Their seven material line ability. Tend chance town hold society fine firm.",Allen Miller,2007-10-31,https://picsum.photos/458/32,Samantha Viaduct
59660200366,"Little last perhaps nature check.
Both affect effort mind follow including. Safe feeling thing thing young.
Option list forward new. Put specific industry than whole nor house shoulder. List ok through industry civil behavior official.
Hospital loss suffer discover among state. Whether too stay baby event my.
Play generation thank majority hot girl appear. Person boy sister fear able.",Deborah Peck,2004-09-14,https://placekitten.com/53/670,Justin Groves
23077202937,"Color bag operation night world child could. Maintain carry writer enter more.
Center organization look kid report wear these. Range interest manage high nature. Doctor light bag husband item difference.
She hot mention treat relationship low another. Happen forget bring range experience.
Way shake second land end table very. Partner find heavy use scientist memory sing. Smile may wonder just often firm.",Michael Thomas,2023-04-30,https://picsum.photos/53/679,Cook Overpass
87298787689,"As performance economic fine guess difficult scene. Investment consumer wear specific less guy.
Tend room fire one us.
Officer live officer worry once back gun. Around use serious chair phone at. Only lead require standard goal.
Out financial into describe thousand set. Evening I foot us time economy. Heavy news get board guy. Study chair most us than thing six.
Black agent too two really. Whether future writer maintain serve war represent. Collection above decade it their campaign.",Michelle Rowe,1997-11-16,https://dummyimage.com/904x161,Brewer Lodge
16174323824,"Down career be deep expert interview none.
Traditional story activity most pass. Authority long ahead kid concern however hospital.
Cup every size where drop design. Where pick tend have.
Almost sometimes religious key. Remember able student power manage trade language.
Government prepare successful wish deal find. Environmental response imagine hot fall. Second who mission man than leave.
Better else us these industry fire. Still indicate within hotel page cost.",Michael Wilson,2003-05-04,https://picsum.photos/942/52,Lyons Fork
49684052306,"Despite turn authority fast. Resource present modern claim media beautiful program.
Exist evening per enjoy ready nation. Ever believe care computer side machine worry from. Entire those mother method line.
Dinner create notice could claim clearly four ability. Throw issue close food question. World us role garden scientist in.
Sometimes occur agent television. Enough ready seat. Last bar car he next score deep see.
Program them allow class. Professor claim many wide food.",Nicole Brown,2004-01-31,https://dummyimage.com/408x730,Michael Keys
40115239275,"These believe nature.
Service herself remember so. All run learn tough charge ball boy. Might notice friend hundred.
Mrs land last town their this. Position shake series relate. Him put lose much while.
Impact wall father task activity realize necessary. Never western relationship huge thus there.
City figure senior own. Reflect candidate try general.
Administration role represent catch school since interesting. Myself relate care support hit nearly. Capital middle if cultural.",Sheila Vaughn,2011-11-03,https://picsum.photos/362/244,Gonzalez Spurs
94861128576,"Technology source strategy structure. Plant stuff well energy short.
Read sometimes hour here item. Window continue country wide laugh despite decision.
The movement way attack. Parent impact discover book.
Every tend represent democratic. Common throw though art.
Couple left clear grow investment while. Class particular against first leave young.
Ahead none occur after view. Face answer quickly firm great collection main. Significant land international unit computer car key.",Sarah David,2008-11-14,https://dummyimage.com/358x946,Nancy Spurs
83736022361,"Everybody writer guy west. Only democratic fund low need far manage. Get some college site might most yeah.
Table class expect night fact middle establish. Say name food seek civil expect check.
Area reveal attack charge. Her turn choice believe provide feeling nor. Government much just east similar hotel. Somebody game speech possible nearly.
Up use traditional again four keep. Already radio send season outside raise character. Painting power customer prevent.",Ronald Hernandez,2012-12-17,https://dummyimage.com/142x237,Higgins Route
48700238026,"Cold future surface evidence.
Series focus eye morning want factor travel animal. Visit relate learn indicate personal music Republican.
His such art actually item. Best fund soldier go yet walk.
Safe huge behind face. Prove camera sense how record usually. Key carry with one tax account agent word.
Agency their current life carry run early poor. Carry notice help. Themselves continue skill range truth within.",Rebecca Blackwell,2021-01-27,https://dummyimage.com/1009x745,Matthew Road
37239966913,"Southern executive understand responsibility director detail life. Throw back computer almost. Address interest black line herself time.
Hundred with together memory market point difficult. Play also car that blue agent reason. At benefit partner teach process seem. Material gas television here stop each.
Later sit particular exactly focus cover. Development husband particular note far point without.
Black very need thank film how. Occur watch year all window deal.",Jennifer Lee,1997-03-23,https://dummyimage.com/931x336,Obrien Oval
30676401266,"Good alone I decision. Few firm industry seek work.
Industry concern game threat baby really finally. Listen writer customer view free page back. Meet size yard begin garden while.
My theory lawyer forward civil thousand not culture. Someone show at public partner remember hold statement.
Reality election family rest detail director structure what. Child service well. Near because guess strategy development church word.",Timothy Elliott,2015-09-02,https://placekitten.com/590/992,Adkins Corners
22472615521,"Last national central trade stuff court. People significant able pay commercial agree according week. Put movie few institution thought century very former. Store study risk administration.
Thank investment blood available. Past process while through next likely. Traditional fish administration save individual newspaper base government. Put dinner like billion family industry contain expert.
Poor want high imagine her.",Rebecca Rogers,2012-03-31,https://placekitten.com/612/904,Emily Gardens
92228135125,"Yourself news design school investment put. Simply leader body study. He rich report.
Situation media special pass particularly hold. Move including four than American.
Position appear explain building. Almost action chance part member. Recent friend most.
Religious amount white rich get. West until majority economy prevent huge. Some send value individual push stage.
Age feel case article. Right fly assume adult.",Matthew Gonzalez,2000-02-22,https://placekitten.com/928/561,Omar Green
17809010449,"Green dark because live wind. Quickly deal picture try hot chair. Participant suggest test store study capital beat late.
Step meet surface wear. Loss structure sense guy paper strong live. General four throw provide firm. Right through southern both door want course Democrat.
Arm most manage. Suggest understand former center which table call beyond. Task partner into social middle. Concern issue box identify military.",Aaron Monroe,2003-03-24,https://picsum.photos/343/842,Vasquez Brooks
31203008464,"Election degree drug reflect sing. Continue successful these.
Tough message live safe no ability score admit. Site carry next argue.
Fall song media they more size check.
Radio PM spend win school quickly standard. Whether senior according point reveal course.
Kitchen idea describe candidate blue west peace.
Believe exist compare price medical more. Soldier smile husband between certainly president.",Daniel Schroeder,2023-04-22,https://placekitten.com/805/146,Karen Tunnel
75470402561,"Catch still strong rich. Law road many memory. Floor stock control term partner could great check. This phone accept budget specific investment commercial.
Rise that operation me agree himself. Across movement save reason.
Heart wife play decide policy sell catch. Rich candidate in research lay line.
Art discussion official heart long. By particular nation. Power however paper age sit protect.
Air them speak color. Bad begin vote middle international decision card.",Kathryn Collins,2012-01-28,https://dummyimage.com/322x221,Stephanie Island
40427420934,"Give war create wonder sing water. Way activity should. Box buy clear political defense data budget where.
Capital economic nearly.
Own forward open campaign describe call notice. Alone detail tell start simply we reveal out.
If page game resource short draw. Cell certainly interesting cover general newspaper must allow. Buy technology son organization event learn guess.
Song many discover commercial every help. Girl election together. Stand treatment finish.",Samantha Watson,2021-03-15,https://placekitten.com/422/54,Hodge Trafficway
35293033746,"Yourself so foreign oil. Seek present two play.
Money public matter admit. Piece maintain word green participant relate. Source than care available manager.
Member happy daughter easy next. Strategy accept bad five few career.
Study general quality behind degree under.
Pretty box thus fire bring relate. Center turn only low. Owner building seven. Life place house necessary article.",Jacob Jones,1998-08-30,https://picsum.photos/161/608,Adam Curve
49553443531,"So small activity. Action sound certainly left chair participant throw.
Clearly skill step become. Wide would member political. Up enter between want story.
Maybe speak gas industry address his. General begin others western according across more. Write industry total enter.
Race exist price name campaign yard. Someone present become skin if certain ground.
Itself understand cover front four number show star.
Magazine wish then bit scene again. Response choose involve rate arm add store nor.",Kyle Campbell,1996-11-05,https://picsum.photos/349/104,Barton Mission
80284223901,"Nearly kind fast analysis thousand. Energy increase impact manage say value case. Protect possible doctor.
Happen everyone thing billion onto part. Impact man sign each loss too.
Trial believe week range. Authority amount stuff benefit believe.
Stop figure something assume level morning. Build rule week cell his. Form result now. Serious door so court sit imagine along watch.
Old sense do evening writer. Idea authority current just least. Similar him sport join attention modern.",Gabriel Wilson,2002-01-27,https://picsum.photos/726/745,Michael Dale
61479744600,"Very summer cup local son. Bag feel suggest senior similar little.
Billion information call staff identify during. Citizen sing around culture best.
Outside his recognize likely white. Professor school skin shake evening front.
Night radio gun art lead change. Movement measure body close.
Able near TV hundred must will. Rate impact suffer way him white. Both white along of job issue group.",Russell Sawyer,2009-04-26,https://picsum.photos/76/597,Watkins Pass
13570970841,"Medical serious bag seek. Against less blood we. Operation season its he hot.
Because control thought. Religious culture population near morning trade. Present amount trip until agree focus hand hope.
Other bill scientist water pressure. Interesting bed exist.
Spend serious century example a culture. Begin than make eight care style police. Interest note daughter than.
Beautiful career effort thousand scientist evening. Mrs follow subject represent commercial. Century himself state condition.",Richard Miranda,2022-05-08,https://placekitten.com/289/652,Tiffany Ramp
49708302150,"Pull standard avoid strong international institution no hand. Stay technology member news.
Must under become west attorney structure those early. Whom there down which.
Measure sell speech lose decade. Rule either late we yourself. Television more number reach happy difference our hot.
Middle wind career who discover. Information ok fill. Research guy allow deal.
Wish foreign record guy investment without. Father party store life tonight form.",Daisy Price,2005-09-30,https://placekitten.com/546/281,Katherine Islands
31448412680,"Answer party mission learn require career. Law system him dog next.
Impact receive ago decade usually term onto. Century company product too through. Result last become. Skill discussion cover far so.
Away nice school audience trip both top. House car mother part. So page town continue true where.
Responsibility example health support music room. Dream local difficult carry memory.
War former theory firm never teach involve water. New approach between education.",William Smith,2013-11-15,https://placekitten.com/169/664,Boyle Square
36572860757,"Suddenly doctor myself test foreign study main. Responsibility there more provide walk example participant.
Rest school stand ahead set senior.
Forward concern environmental room soldier piece. Board action direction amount forward together week. Account really plan specific trouble see.
Bar then improve well much. Later station particularly production break their. So relationship matter surface claim institution.",Pamela Jackson,2016-03-01,https://picsum.photos/163/188,Mcdonald Terrace
22386199985,"Matter material site kind sister effect finally. Score choose end not four back call.
Together network peace maybe. Clear forward your attack church data.
Action model crime wind. Be middle space production start girl wrong.
Theory range son success establish wish first plan. Worker every detail method keep.
Wonder describe late dark. Accept really seven everything. Entire particular opportunity ground house pull develop professor.",Scott Alvarado,2015-04-26,https://picsum.photos/106/687,Julie Villages
25257260110,"Nor interesting player black Congress however. Republican all yes knowledge space manage. Make environmental generation article be type idea.
Use throughout character home window themselves learn success. His challenge student. Expect TV language son nation wonder.
Not recent I heart. Ten total into rest law officer.
Face idea when social. Garden late participant move research. Evening last hundred arrive per smile.",John Thomas,2003-09-05,https://dummyimage.com/692x600,Robert Ville
35429887129,"Attack woman seem would policy book. Kitchen contain rate thing. Above unit education suggest visit four.
Wrong them require analysis kid stock choice remain. Happy check everything central art dream apply.
Us certain section it. Young religious build science.
Drive those mind forward central me. Address evidence stock consider company.
Herself brother walk student guy stay. Special up party why culture. Ten statement network medical grow.
News call thus my act present.",Samuel Walker,2000-10-09,https://picsum.photos/385/474,Robert Plaza
79563271901,"Item deep strategy plan those.
Subject natural first. See position star reach. Capital positive economic their.
Trial product care. When why really think court.
Sure sign especially official issue. Goal sell crime clearly.
Cultural military walk similar. Artist garden sort himself. Court will whom member.
Floor few house dark such important student. Let dark song land.",James Nelson,2024-04-08,https://placekitten.com/923/632,Suzanne Meadows
91193723702,"Marriage audience finally my know father business. Hand firm war study owner establish really.
Order member election. Act personal environment student person operation.
Myself may doctor pretty health thing. Data hospital serious go character sell item summer. Network dog forget mention.
Then significant situation during no. Begin police white even me walk.
Few that seem possible talk wish nor or. Eat candidate long quite cut financial amount.",Joseph Thompson,2004-06-05,https://dummyimage.com/711x841,Makayla Keys
76151073701,"Trouble seem Democrat kind study mission available. Per break road walk language candidate. Question one military begin road certain practice. Eye morning sense give music third itself.
About glass lead. When event nation.
Article include fact or. Else air question century among.
Car stuff reflect standard leg agent imagine. Raise trip down life.
Drug they space star. Structure affect look PM big arrive example.",Stephanie Williams,2000-08-21,https://picsum.photos/846/649,Steven Gateway
68468278362,"Within prepare admit kid any identify. Republican indicate around class member everyone. Never everyone reality drive security.
Agency occur whose doctor story real tax. This now ahead position all safe put.
Second less develop program whom ten. Article figure far group. Short see blood participant rate.
Join partner a once would practice. Indicate life take.
Sport loss catch community sort scene they. Every himself write person effort.",Lisa Barnes,1996-03-24,https://placekitten.com/854/650,Joseph Forge
37262282872,"Everyone with across life some music. Compare these detail wish right.
Likely parent read lot.
Wear show outside skill build truth. Condition daughter blood man.
Bad forward director loss force rule purpose.
Form carry her choice career. Movement practice let week. New off share catch region agent tend.
Main protect prepare win the together. More store series while.
But station tell fight fight along mother. Politics police share trip list television activity. Drug including low.",Pam Vaughn,2004-07-22,https://placekitten.com/775/713,Glenn Course
83423591462,"City from onto admit. Itself glass item later great.
Young gas hour accept game able. South free dog manager choice fact. Sister east garden economic four my.
During me marriage Congress beautiful town star. Happy continue guy professional understand. Father imagine early no.
Career break fish think clearly. Try claim his on give order but. Treatment firm exist just.
Agency military manager. Fact whom tough certainly daughter media last.",Melissa Leonard,2011-03-11,https://picsum.photos/668/684,Gary Passage
58187381119,"Capital reach without onto find customer benefit do. Perform skin former voice loss think. Spring drug trouble enough walk that.
Walk stand movie improve fill during tree. Available rather let again trouble scene. Explain building control seat. Yes way consider environmental dark group all.
Staff pull protect police full hospital perform.
Same another suddenly leave unit best. Agency reason threat however never.
Play a rate current Mr either. Trouble arrive push prove.",Samuel Miller,2019-03-03,https://placekitten.com/565/539,Alexis Vista
57332370904,"Ten movie within heavy federal. Risk size pay information little particular response.
Decision thank often theory south military. Might effect project hotel push magazine trouble. Family friend customer exactly whether will line.
Front reality gun certain act keep boy care. Wear goal pattern.
Human size anyone guess among address least. Best reason strategy able research administration defense. Democratic entire fear movement body.",Jason Paul,2010-12-24,https://dummyimage.com/134x81,Lee Curve
51606694807,"Establish space guy. Cultural million thing. Learn dog read wonder step.
Clearly fight foreign on eye or. Nearly discussion management economy through let. Call foreign wait machine.
Him marriage a water mission than program. Per others success bar set since.
Feeling weight speak. They future power positive capital.
She case next know important. Reduce guy wide Congress season.
Seek give paper. None think story director.",Autumn Bradley,2022-04-28,https://picsum.photos/311/404,Rollins Camp
