dni,nombres,primer_apellido,segundo_apelido,nacimiento_fecha,sexo,email
38023413,Samantha Rogers,Benson,May,2007-11-04,F,ubuchanan@example.org
61348971,Jimmy Parks IV,Brown,Hicks,1979-02-22,M,kayleerodriguez@example.com
50462175,Kelly Humphrey,Keith,Collins,1978-05-06,M,christinasalazar@example.net
76721806,Christopher Lewis,Johnson,Simpson,1979-07-27,M,beverly86@example.org
52909866,James Johnson,Mitchell,Johnson,1953-11-09,F,zmunoz@example.org
15007341,Keith Oneill,Lee,Smith,1984-11-06,F,garciajacob@example.com
68322583,Charles Roberts,Wilkins,Kelly,2018-03-24,F,forbescesar@example.net
16461007,Lori Sherman,Hebert,Mercer,2013-07-21,F,veronica26@example.com
50593566,Morgan Woods,Russell,Green,1956-11-05,F,bowmandouglas@example.org
72670872,Tammy Hampton,Ross,Miller,1976-06-19,M,gwendolyn83@example.org
62716691,Whitney Jacobs,Simmons,Miller,2011-12-04,M,jacksonsophia@example.org
92485920,Karen Rodriguez,Miller,Thompson,2002-08-31,F,markdixon@example.org
16013284,Sherry Blanchard,Young,Anderson,2014-06-29,M,yperez@example.net
52164210,Sarah Campbell,Perry,Ramos,1969-09-11,F,kcohen@example.org
39683708,Nicholas Henson,Barr,Manning,1958-01-27,F,warnerchristina@example.net
22753304,Robin Gray,Austin,Ramos,1955-10-17,M,onealevan@example.net
95171486,Kathleen Robertson,Butler,Mitchell,1974-08-21,M,frank80@example.org
93265722,Connie Carter,Simmons,Arellano,1981-08-16,M,ricerichard@example.org
90194223,Frederick Lee,Watson,Berger,1993-06-27,M,lschmidt@example.net
33232539,Lauren May,Woodward,Gutierrez,1976-01-16,F,youngmichael@example.org
47906104,Cristina Lamb,Walker,Brown,1986-02-15,F,david81@example.net
89148395,Nathaniel Rojas,Johnson,Lopez,1987-04-08,M,amberbarker@example.org
87767035,Sean Key,Baker,Perez,1984-07-08,M,gillsusan@example.com
70224387,Michael English,Johnson,Santiago,1979-07-28,M,ryan73@example.net
61248056,Dennis Hanson,Meza,Taylor,1957-10-19,M,mmoore@example.com
20532817,Paula Berry,Grant,Sullivan,1987-02-20,M,lmartin@example.net
64829234,Kathy Johnson,Young,Valentine,1966-10-30,F,gcasey@example.com
29282972,Patrick Craig,Henderson,Coleman,1992-02-14,M,walkerbarbara@example.net
38015151,Luis Nelson III,Erickson,Mcconnell,1992-08-20,F,zwilliamson@example.net
97704440,Joseph George,Roth,Turner,1980-07-18,F,moonrichard@example.com
34967314,Tara Edwards,Kent,Gonzalez,2018-12-25,M,gwalker@example.org
82745401,Margaret Smith,Harris,Fry,2001-04-09,M,grace22@example.com
94802127,Michelle Edwards,Mccann,Olson,1991-09-24,F,charleshouston@example.org
76143729,Alex Burton,Olson,Peterson,1992-05-08,M,logan46@example.net
35846380,Lacey Norris,Scott,Riggs,1974-12-02,M,wellskristen@example.com
81042306,Julie Guzman,Hunter,Davis,1963-09-10,F,vpena@example.com
73273465,Scott Huffman,Valencia,Ortiz,1969-01-17,M,millerdavid@example.com
99322607,Carmen Valdez,Mendoza,Leon,2017-02-18,M,gregory17@example.com
51491828,Beth Flores,Foster,Carpenter,1957-01-27,F,aknapp@example.com
34574974,Cynthia King,Collins,Medina,1967-08-20,F,phillipwilson@example.net
15011349,Terri Hernandez,Martin,Smith,2006-02-02,M,egarcia@example.net
90241379,Daniel Jefferson,Patterson,Williams,2016-11-04,M,matthewrivera@example.net
40612087,Jennifer Turner,Mcmillan,Torres,1965-01-25,M,danieljulia@example.com
88359374,Charles Curtis,Ellis,Mcmillan,1996-10-06,F,ashleygarza@example.net
58630162,Brian Allen,Ayala,Fuentes,1968-08-12,F,michaela50@example.org
56963916,Amy Reeves,Taylor,Johnson,1974-04-11,M,snewton@example.org
90162388,David Anderson,Vazquez,Bennett,1974-03-15,F,elizabeth63@example.com
60311181,Lisa Martinez,Shannon,Lee,1975-09-13,F,lisa41@example.net
20579614,Christine Wood,Morgan,Mcdonald,2011-01-12,M,gfernandez@example.net
40670758,Breanna Moon,Phillips,Kramer,1979-03-28,F,batesmary@example.org
98124736,Russell Phillips,Dixon,Barrett,1982-07-20,F,margaretwood@example.net
71250543,Laura Durham,Torres,Hughes,1981-11-27,F,alyssa42@example.org
37140168,Karen Garrett,Marshall,Burton,1969-08-06,M,skinnerkimberly@example.net
69316154,Michael Christensen,Williams,Graham,1987-06-22,M,idecker@example.org
37011116,Earl Howard,Stone,Chapman,2002-06-19,M,monicaberry@example.org
54920315,Marilyn Tran,Thomas,Palmer,1979-06-05,F,bruce28@example.org
33871602,Chad Wilson,Mills,Watts,1963-11-03,M,staceymcknight@example.com
73817667,Marcia Reyes,Ramos,Wagner,1978-07-09,F,shannon04@example.com
58452746,Emily Morales,Wolf,Long,1969-04-05,M,phillipsherbert@example.net
51769478,James Davis,Willis,Sullivan,1976-05-22,M,jennifer20@example.org
35846213,Sandra Cardenas,Hall,Wagner,2011-03-12,M,longkevin@example.org
16281962,Denise Rivera,Sanchez,Best,2011-09-20,M,richardpeters@example.org
76101834,Kyle Bishop,Ellison,Howell,1974-08-04,F,harrismonica@example.com
24468566,Brandi Lane,Morris,David,1989-01-24,F,kaylakim@example.com
56512480,Eric Robinson,Fletcher,Allen,2003-01-30,M,davidperez@example.net
38611482,Colleen Cook,Harris,Brooks,1964-03-20,F,martinezjudith@example.com
95189071,Christopher Wolf,Love,Rivas,1971-01-13,M,katie23@example.com
95617108,Gregg Lane,Russell,Powell,1974-12-19,F,gabriellesmith@example.net
30645269,Andrew Rodriguez,Lynch,Gomez,1963-07-01,M,suzanne35@example.org
97813076,Justin Booker,Young,Pearson,2009-08-29,F,williamcannon@example.org
19488414,Timothy Ferguson,Lee,Grant,1995-03-17,F,zgeorge@example.net
44519283,Thomas Johnson,Larsen,Miller,2011-10-02,M,heatherwatts@example.net
22000407,Scott Howard,Page,Harrell,1999-08-16,M,samanthamiller@example.net
75329456,Jane Stevens,Rose,Cunningham,1970-10-05,M,samanthadavidson@example.com
33122099,Jamie Roth,Carpenter,Pierce,1981-06-20,F,mckenziejoshua@example.com
45016423,Donald Garcia,Chapman,Todd,1962-10-14,F,athompson@example.com
33120158,Robert Sanchez,Schneider,Payne,1999-12-18,F,rioscynthia@example.com
93958950,Jennifer Jones,Johnson,Johnson,1966-04-05,F,elizabethpeterson@example.com
11144290,Tracy Taylor,Park,Booth,2005-06-23,F,fcunningham@example.com
12357122,Mr. David Campbell,Peterson,Velasquez,1966-06-25,M,aaron71@example.net
36843337,Frank Lee,Lopez,Medina,2018-01-08,F,paulhall@example.org
64518130,Justin Bennett,Dennis,Rosales,1977-08-29,M,michael18@example.com
78878724,Rebecca Johnston,Guerrero,Hawkins,1998-12-29,F,erika95@example.com
48060668,Jeffrey Sanders,Rowe,Norton,1957-08-08,M,haastimothy@example.net
11258727,Erica Warren,Anderson,Rosales,1998-03-24,M,lindseystanley@example.com
77284004,Richard Hunt,Krueger,Tyler,1977-06-09,F,ericwatson@example.com
19569536,Christine Williams,Estes,Miller,1971-03-26,M,raynicholas@example.net
19489044,Lisa Jones,Bass,Watkins,1968-06-30,M,wendy51@example.org
18937351,Sherri Serrano,Taylor,Richard,1972-02-09,M,nicholasbrown@example.com
23816769,David Chandler,Garza,Chapman,1994-05-11,M,nhebert@example.com
46596806,Jasmine Wilson,Campbell,Andrade,1955-06-14,M,rebeccarowe@example.org
92168330,Willie Hernandez,Henson,Cooper,1998-08-15,F,lgomez@example.org
24856682,Kristen Jordan,Mclaughlin,Olson,1971-07-20,F,colliercatherine@example.net
40374721,Christine Nielsen,Newton,Nunez,1974-09-23,M,wbell@example.com
58142231,Heather Cain,Richardson,Alvarado,2018-07-14,M,nicholecisneros@example.org
29459756,Brittany Wiley,Lutz,Rose,2015-07-28,F,mblack@example.com
19563351,Sarah Knapp,Thompson,Smith,1954-01-21,F,morrowtyrone@example.net
72641483,Jamie Thomas,Lowe,Gonzalez,1975-01-08,F,yatessylvia@example.com
45219267,John Elliott,Hill,Garcia,1972-06-01,M,victoriasantos@example.net
15759798,Kimberly Harris,Smith,Roberts,1977-08-17,M,stephaniebrown@example.org
98253751,Kyle Schmidt,Hughes,Pena,2015-08-10,F,scottjohn@example.net
77870102,Randy Thomas,York,Reed,1999-08-04,F,cochranadrian@example.com
77825706,Edward Williams,Lopez,Brewer,1981-05-23,F,ericwalton@example.com
27915691,Tracy Newton,Brooks,Velasquez,2013-09-18,M,bherrera@example.org
66097925,Ashley Barton,Powell,Kemp,1957-04-25,M,john60@example.com
17560862,Kelly Hicks,Martinez,Nicholson,1995-11-09,F,zacharysmith@example.org
87457572,William Flores,Brown,Wilson,1963-04-23,F,rodriguezlynn@example.com
30466907,Joshua Dickerson,Jackson,Walker,1996-09-25,M,sdavis@example.com
12520195,Lauren Munoz MD,Collins,Hayes,2008-11-24,M,tuckermegan@example.org
90100675,James Webb,Pugh,Hood,1968-03-26,M,gaineswilliam@example.org
99789913,Heather Martin,Hunter,Pace,2015-05-29,M,wanda27@example.net
88440063,William King,Moran,Woods,1963-03-27,F,larry61@example.com
81674494,Patricia Hoffman,Joyce,King,1975-05-09,F,richardhampton@example.net
73174699,Lindsey Reynolds,Campbell,Johnson,2004-09-03,F,mcdowellterrence@example.org
79798516,Nicole Martinez,Williams,Brown,2006-10-07,M,porterjulie@example.net
51350704,Scott Hancock,Johnson,Garcia,2008-04-29,M,inorris@example.net
52121722,Michelle Dudley,Giles,Harris,1987-12-30,M,timothywallace@example.org
83126678,John Mccarthy DVM,Brown,Davis,1970-05-02,F,greenegeoffrey@example.org
81646844,Tammy Contreras,Herrera,Robinson,1966-12-21,M,ishields@example.net
77590980,Stephanie Shaw,Sawyer,Simon,2016-11-21,F,jocruz@example.org
57759503,Heather Brown,Alexander,Hart,1993-06-25,M,zpennington@example.net
46368056,Patricia Wood,Garcia,Gill,1990-04-21,F,kdavis@example.com
43584767,Yolanda Skinner,Schneider,Mendoza,2017-07-31,M,timothy13@example.org
53516377,Robert Hamilton,Mueller,Johnson,1991-09-13,M,jenniferjohnson@example.com
57624107,Margaret Heath,Sherman,White,1973-05-25,F,jaredmartin@example.net
98034876,Cynthia Gill,Rodriguez,Walsh,1968-06-17,M,ikramer@example.org
66208357,Michele Clark,Daniels,Nguyen,2006-12-06,F,maciasteresa@example.com
18264984,Nicholas Fleming,Short,Johnston,1993-02-12,F,mschmitt@example.net
16808291,Tim Butler,Mosley,Mcgrath,2011-06-12,M,brad97@example.com
45566766,Amy Roberts,Stewart,Martin,1977-03-24,F,sean33@example.net
38439006,Jared Bates,Green,Schmitt,1975-11-26,F,brandtreginald@example.org
76217393,Laurie Rose,Moyer,Fernandez,1974-05-23,F,pattonwilliam@example.net
47290559,Kaitlyn James,Hogan,Cox,2017-07-16,M,frazierelizabeth@example.com
59355270,Jared Mendez,Nelson,Dawson,1986-07-03,M,karenestrada@example.com
85737332,Caroline Pittman,Johnson,Martinez,1957-05-20,F,wademelissa@example.org
79229354,Stacey Taylor,Brooks,Davis,1999-07-20,M,robinhicks@example.org
64662256,Jennifer Trevino,Mitchell,Vasquez,2010-12-26,M,ayork@example.org
72622162,Nicole Best,Smith,Barnes,2016-12-20,M,nunezlisa@example.com
45919515,Jessica Flores,Smith,Mitchell,1982-05-27,M,stephanieellis@example.org
88518361,Darlene Richardson,Leon,Edwards,2009-08-20,M,smithjoseph@example.com
93050911,David Weber,Mckinney,Ramirez,1960-03-15,F,michelejordan@example.net
15980441,Kelly Bradford,Campbell,Green,2018-10-16,F,reidkevin@example.org
36918467,Kevin Scott,Cox,Padilla,1986-08-09,M,shannonhunter@example.net
52081075,Theresa Perez,Carr,Williams,1961-08-11,M,timothyrichardson@example.net
93081199,Billy Schmidt,Cook,Wilson,1984-03-07,F,lawrencehester@example.net
64208296,Jodi Harrison,Campbell,Warren,2011-06-13,F,kevinrobinson@example.org
21374287,Angela Alexander,Sampson,Fisher,1998-09-08,M,tiffany47@example.com
84694180,Jose Taylor,Kane,Dyer,1984-06-13,F,hhudson@example.net
97629314,Christopher Bennett,Boyd,Arnold,1966-08-28,F,wagnercheryl@example.org
81167765,Diane Frazier,Watson,Hill,1978-08-21,F,amanda08@example.com
61687656,Michael Willis,Richardson,Perry,1994-11-07,F,pblackwell@example.com
28909057,Brandy Cherry,Horton,Peterson,1972-04-09,M,mendozajacob@example.net
46856065,Brian Lyons,Doyle,Harris,1967-06-02,M,matthew36@example.com
47686103,Brian Ware,Shepherd,Le,1992-01-31,F,owebster@example.net
78580966,Courtney Smith,Bautista,Perez,2010-07-28,F,debra78@example.org
61195434,Stacy Gould,Lewis,Martin,2007-01-17,F,timothygonzales@example.org
65544224,Miranda Pierce,Lee,Austin,1998-02-20,M,robertritter@example.org
22383493,James Martinez,Patterson,King,1984-06-29,M,ydillon@example.org
40399141,Glenn Tran,Robertson,Payne,1995-01-20,M,lauraglover@example.com
32537661,Joshua Hernandez,Harris,Stokes,1976-07-14,M,kevin82@example.org
99984074,James Vega,Simpson,Edwards,1954-12-09,F,wpowell@example.com
67438599,Brian Gonzalez,Palmer,Mccoy,1956-06-30,F,hgomez@example.net
85727361,John Wright,Clark,West,1962-01-25,F,daniellesmith@example.com
57108330,Michael Miller,Mendoza,Cruz,2000-11-01,F,jenniferwatkins@example.com
22740387,Allison Gallegos,Medina,Thompson,1983-10-06,F,nicholashumphrey@example.net
61598680,Lisa Garcia,Jordan,Sullivan,2014-05-13,M,samantha47@example.com
23958851,Kelly Gonzalez,Klein,Benson,1999-12-09,M,oscarhenderson@example.com
78556116,Brittany Navarro,Perry,Torres,1957-12-23,F,andrepratt@example.net
96233664,Marc Cowan,Elliott,Smith,1996-05-11,F,rachelwilliams@example.org
50626920,Christopher Barrera,Scott,Williams,2014-06-08,M,uevans@example.net
41402574,Mary Watson,Butler,Phillips,1982-01-19,M,fgutierrez@example.com
40567846,Cheryl Ellis,Kerr,Barker,1999-02-28,M,pmccormick@example.net
72677761,Alexa Munoz,Green,Campbell,1963-07-26,F,sfriedman@example.com
85558506,Toni Lopez,Jefferson,Koch,1993-11-08,M,leewilliam@example.com
36265705,Bradley Dunn,Miranda,Avila,1973-03-16,M,martinezscott@example.org
47172953,Michael Mcintyre,Howell,Cox,2006-09-02,F,joshuadouglas@example.net
54240380,Erik Bates MD,Gonzales,Moss,1974-12-04,F,hector21@example.com
80953083,Stephanie Gallagher,Williams,Glenn,1992-02-27,M,hernandezantonio@example.com
94797261,Anna Powers,Kelley,Marquez,1981-08-21,M,vincent76@example.net
60159014,Nicole Kramer,Knight,Gibson,1968-07-07,F,katherineraymond@example.net
78987523,Jessica Suarez,Martin,Jones,1998-12-28,F,logan96@example.org
88756669,Denise Sherman MD,Knapp,Miranda,1975-07-27,M,woodmelissa@example.org
35458082,Ryan Smith,Roberts,Foster,1982-10-01,M,erikamann@example.net
33815492,Cassie Weaver,Smith,Robertson,1970-02-28,F,rosschristopher@example.com
94113401,Raymond Guerrero,French,Smith,1963-02-22,M,dmiller@example.net
61269276,Deborah Ramsey,Gordon,Brown,2001-06-23,F,kellygiles@example.org
62208730,Samuel Ramos,Mann,Young,1954-02-08,M,qsutton@example.org
12928732,Allen Young Jr.,Smith,Phillips,2018-09-29,M,joshuadelgado@example.com
19449361,James Jackson,Bond,Mitchell,2005-04-04,M,denise73@example.com
61228267,Kenneth Richardson,Green,Sanchez,1998-06-11,F,hawkinsshannon@example.net
22487866,Samantha Morgan,Watkins,Williams,1963-12-02,F,mathewselizabeth@example.com
86939735,Bobby Fowler,Lucas,Zavala,2010-08-01,M,sotoamanda@example.net
99337573,Anthony Reeves,Russo,Sanders,1984-03-31,F,tonylevine@example.org
35727319,Jeffrey Cole,Hurst,Green,2012-01-16,M,hubbardamy@example.org
82389842,Kathryn Ho,Fuentes,Cox,1972-10-28,F,brianlittle@example.org
56750618,Daniel Heath,Barber,Dunn,1990-02-23,F,cookeshannon@example.com
71895281,Ronald Singh,Williams,Mason,2013-11-13,F,ajohnson@example.org
55549040,Annette Morris,Wu,Benjamin,1953-07-29,M,johnsonaaron@example.com
62515315,Ryan Archer,Jackson,Walters,2013-11-12,F,pstewart@example.com
25807279,Mark Clayton,Ali,Johnson,1982-04-19,M,jesserush@example.com
18692335,Edward Fisher,Barnes,Lloyd,2018-11-14,M,mauricewalker@example.net
43361782,Cody Montgomery,Reyes,Riddle,2012-06-06,F,kennedyeric@example.org
74253651,Joseph Gonzalez,Graves,Melton,1991-10-18,M,kboone@example.net
96321042,Kevin Rowe,Keith,Ballard,2008-01-03,M,sarah54@example.com
23246474,Allison Hartman,Hughes,White,1966-06-24,F,teresakeller@example.org
47053479,Victoria Campbell,Harvey,Ferguson,1983-06-17,M,troy13@example.com
70829967,Michael Banks,Tate,Bradley,1995-07-23,F,irivera@example.org
83123258,Michael Marquez III,Jones,Rodriguez,1991-07-26,F,hendersonmatthew@example.org
82154757,Wayne Turner,Reyes,Valentine,1979-10-24,F,twerner@example.com
35167913,Robert Hart,Byrd,Hall,1972-07-11,F,haynesrandy@example.org
71298840,Matthew Howard,Mora,Porter,2011-09-20,F,sabrinahanson@example.net
72151745,Shannon Kane,Mccoy,Pena,1965-05-28,F,robert73@example.net
35484961,Michael Stanley,Foster,Richards,1979-11-19,M,joseph19@example.net
92074326,Elizabeth Delacruz,Carrillo,Robles,1981-10-03,M,susan43@example.net
71505030,William Ross,Garcia,Hunter,1986-06-21,F,nbarr@example.com
91594968,Michele Shelton,Turner,Wright,1983-03-28,M,yramirez@example.org
28908670,Mikayla Rojas,Meza,Watkins,1963-08-30,M,usnyder@example.net
36284983,Erin Jimenez,Hall,Benson,1980-06-21,F,stephenstokes@example.com
70736782,Thomas Mckinney,Harris,Shaw,1971-08-25,F,jeffrey53@example.com
42714028,Julie Frazier,Taylor,Jones,2005-02-08,F,marybrown@example.net
29721363,Matthew Macias,Logan,Chung,2013-05-11,F,sharon41@example.net
76672303,Lori Brock,Higgins,Chandler,1966-08-30,F,xgarrett@example.net
51163736,Kelly Miller,Morrow,Williams,1995-01-29,M,nathanielfrancis@example.org
99711856,John Long,Henderson,Golden,1990-12-14,F,scott09@example.com
48588336,Daniel Gregory,Contreras,Miranda,2010-12-24,M,fdoyle@example.net
53199740,Lisa Freeman,Jones,Allison,1967-02-04,F,kristinvelez@example.org
13779935,Ronald Martinez,Farmer,Poole,2004-07-31,F,shieldsaustin@example.net
55585859,Donald Montgomery,Franco,Harvey,1989-05-31,M,cameroncooper@example.net
91618810,Joseph Holt,Hernandez,Gomez,1954-11-19,F,elizabeth82@example.org
91055031,Steven Wilson,Smith,Perez,2017-03-28,M,zstanley@example.com
88380574,Christopher Young,Maynard,Robinson,1982-03-03,F,gharris@example.com
25663002,Tonya Sosa,Vazquez,Wright,1980-03-15,F,kellysloan@example.net
56644600,Shawn Thompson,Sharp,Blackwell,1994-03-12,M,garywood@example.com
85493871,Anthony Ortiz,Krueger,Gentry,1965-01-24,M,ross82@example.org
38010651,Jennifer Garcia,Rose,Hood,2011-09-06,M,santosjason@example.com
57330004,Robert Harrington,Chan,Smith,1959-09-13,F,sdixon@example.org
43390521,Alexa Ross,Johns,Sanchez,1996-06-18,M,rtaylor@example.net
43904044,Austin Wilson,Walsh,Myers,1977-04-08,F,lgoodwin@example.net
99465408,Melanie Moody,Robinson,Carey,2016-12-15,F,ehill@example.org
60632182,Christopher Clark,Maynard,Johnson,1995-04-29,M,solomonpaul@example.com
27916221,Randy Hoffman,Rios,Thomas,2018-07-09,M,david50@example.net
88599942,John Ford,Smith,Hall,2000-12-26,M,runderwood@example.com
20765399,Cassandra Smith,Martinez,Hill,1998-08-17,F,randalljanet@example.org
59971820,John Lewis,Blanchard,Small,1959-08-05,F,colewhite@example.org
54894438,Gabriel Boyd,Smith,Chapman,1988-01-19,F,pamelaschneider@example.com
93603277,Yolanda Hunter,Daniels,Hernandez,1996-06-13,M,cristinashepherd@example.com
43102785,Krista Mccullough,Smith,Byrd,1969-07-15,M,jenniferwilliams@example.net
50183490,Karen Evans,Stewart,Wilson,1969-08-28,F,ramirezcrystal@example.com
11092401,Sarah Stevens,Morrison,Buckley,2004-06-10,F,lisa33@example.net
53181784,Brian Keith,Martinez,Carpenter,1965-03-18,M,keithfuentes@example.org
51357370,Ruth Simmons,Lewis,Richards,1964-06-13,F,crystalcross@example.org
30911124,Ronald Berry,Velasquez,Hawkins,1968-11-14,F,lisagarcia@example.org
23886776,Daniel Moore,Rivera,Wright,2011-11-27,F,rebecca89@example.org
29028213,David Stephenson,Simon,Murphy,2007-09-29,F,wyattsylvia@example.org
64624123,Autumn Andrews,Ross,Hernandez,1985-02-12,M,sarah09@example.net
44937963,Brent Morrison,Dennis,Young,1954-01-12,M,jerryreynolds@example.net
50226380,Jennifer Kidd,Haynes,Porter,1967-06-16,F,oprince@example.org
12038526,Heather Newman,Hernandez,Schultz,1959-01-11,F,corey15@example.net
30720170,Kevin Burns,Kelley,Fletcher,1966-12-16,M,kevinjohnson@example.net
90496596,John Henderson,Sanders,Gross,1975-09-25,M,brianna69@example.org
49835772,Renee Wang,Wright,Hudson,1982-01-01,F,robertcampbell@example.org
79253970,Megan Roberson,Hamilton,Allen,1960-03-24,F,rwashington@example.com
67876944,Roberto Gray,Horn,Carroll,1993-08-05,M,darleneosborn@example.com
66200421,Michael Brown,Stephens,Wilson,1994-09-27,F,travisadams@example.org
68743237,Karen Avery,Black,Snyder,1961-04-17,M,pjones@example.net
36593515,Donald Greer,Ho,Cuevas,1965-09-21,M,kellerkenneth@example.net
37817964,Miguel Ramsey,Thomas,Goodman,2014-10-26,M,hernandeztyler@example.com
33177582,Dylan Reyes,Rowland,Underwood,1989-05-24,M,wilsonjim@example.org
19836785,Benjamin Merritt,Anderson,Gonzalez,1987-06-20,F,eileenlarsen@example.net
42339111,John Stark,Wood,Dickerson,1996-03-25,F,iananderson@example.org
39995966,Justin Drake,Williams,Rogers,2009-10-19,M,shane43@example.net
93122274,Frank Thompson,Tate,Cuevas,2011-09-16,F,mathewsalexander@example.com
24083739,Jay Brown,Kelley,Russell,2002-09-08,F,vmedina@example.net
78035637,Sarah Smith,Carter,Franklin,1995-02-24,F,icabrera@example.net
20165128,Mrs. Ashley Dyer,Davila,Wolf,1981-03-11,M,kerrbrandon@example.com
85671339,Cassandra Williams,Zavala,Spencer,2009-10-13,F,wmcdaniel@example.com
21404406,John Rich,Smith,Neal,1960-11-08,F,contrerastrevor@example.com
92286651,Jessica Reyes MD,Davidson,Smith,1953-10-10,F,cookmichael@example.net
55927673,Christopher Myers,Frazier,Rodriguez,1998-06-17,M,jeremy77@example.net
55760110,Steven Buchanan,Moore,Adkins,2005-03-29,M,blane@example.net
72587273,Suzanne Newman,Lewis,Johnson,1962-02-27,F,qpetersen@example.net
37430861,Steven Booker,Williams,Clay,1993-07-04,M,yvettelee@example.com
23331702,Angela Gutierrez,Ponce,Collins,1974-12-16,M,ajohnson@example.net
24885811,Ashley Flowers,Robertson,Calderon,1975-12-03,M,rharris@example.com
61109269,James Rodriguez,Turner,Jones,1998-12-23,M,kevin96@example.com
78428447,Annette Grant,Davidson,Bailey,1967-03-11,M,rdrake@example.net
32742529,Maria Mason,Rodriguez,Williams,1976-01-12,F,lynnclarke@example.com
31419757,Elizabeth Hall,Thompson,Brown,1978-03-01,M,freemanbrenda@example.net
94770077,Alex Roach,Brown,Walker,2000-10-20,F,hdelgado@example.org
80081626,Robert Garrett,Campos,Trujillo,1966-10-30,F,gouldmatthew@example.com
78302679,Edwin Johnson,Morgan,Foster,1981-03-30,F,trangeorge@example.org
80400719,Jeffrey Duncan,Nicholson,Quinn,1971-03-29,F,hbenson@example.org
10997630,Matthew Koch,Bryant,Graves,1981-08-11,M,andersoncrystal@example.org
22161092,Roger Carlson,Thomas,Shaw,1974-11-12,M,vporter@example.net
63206212,Sheila David,Rivera,Sullivan,2007-12-18,M,natalie32@example.net
32464120,Angela Salazar,Hansen,Lane,2002-10-01,F,christine80@example.net
79658260,Mindy Hardin,Hale,Figueroa,1955-06-05,F,nataliewilson@example.net
27566621,Cassandra Livingston,Parker,Lee,1968-04-02,F,blevinsryan@example.org
50345708,Christopher Hayes,Brown,Holland,2004-02-01,M,jeffthomas@example.com
32555607,Paul Ramos,Burns,Gilbert,1958-02-20,F,david80@example.org
76741064,Lori Hernandez,Cook,Scott,1987-02-17,F,luismckee@example.org
67166801,Jennifer Perez,Booth,Ryan,1988-06-28,F,miranda20@example.net
88603357,Mary Keller,Rogers,Rowe,2004-06-23,F,stewartsamuel@example.org
58420111,Tyler Evans,Dominguez,Weiss,1965-03-20,F,ctapia@example.org
51746148,Dr. Lori Murphy,Macdonald,Hahn,1960-11-09,M,david79@example.org
39868181,Susan Sawyer,Yu,Myers,2002-09-18,F,fdaniels@example.org
83609226,Kiara Osborn,Ellis,Gibson,1999-10-06,F,andersonmichael@example.org
55076179,Samantha Howard,Floyd,Ware,1962-08-01,F,sean84@example.com
62324899,Jamie Smith,Smith,Gregory,2010-05-22,M,travistaylor@example.org
51943879,George Castro,Saunders,Torres,1979-02-22,F,caitlin09@example.org
55665957,Billy Lopez,Day,Taylor,1975-01-21,M,pabbott@example.com
65214407,Dr. Pamela Johnson DDS,Randolph,Lewis,1990-10-10,M,andrew84@example.org
77866196,Antonio Thomas,Franco,Stephens,1982-11-01,F,croy@example.org
31441201,David Compton,Anderson,Parker,2004-03-30,M,qrich@example.com
89427566,Keith Kramer,Giles,Walker,1973-07-25,M,jhartman@example.net
71960928,Tyler Robinson,Watson,George,2009-01-09,F,cathy17@example.org
92015205,Traci Adams,Robinson,Williamson,1978-11-29,M,nmatthews@example.org
28951045,Zoe Parsons,Sanchez,Reid,1990-01-14,F,sandradavis@example.com
18636564,Michael Carrillo,Ellis,Garcia,1968-02-29,F,leekimberly@example.org
91153404,Ronald Brown,Adams,Odom,2003-06-08,M,vhowell@example.com
92354048,Stephen Walker,Thompson,Wilson,1990-08-20,F,ymartin@example.net
39113873,Kimberly Garcia,Peterson,Riley,1987-07-12,F,emily57@example.com
97548373,Karen Day,Hunter,Harper,2005-01-26,F,johnjohnson@example.com
39387261,Samantha Martinez,Smith,Love,2005-02-21,F,glambert@example.org
74229458,Billy Valdez,Richardson,Carter,1989-11-22,F,jeromeblair@example.com
13058499,Kenneth Fernandez,Reyes,Brown,1984-12-14,F,ericbarron@example.org
71279347,Jennifer Rogers,Allen,Rodriguez,2008-02-23,F,millslauren@example.com
13433862,Kyle Little,Haley,Nelson,2003-07-18,F,vgarcia@example.org
54563202,John Smith,Jackson,Fisher,2011-03-03,M,frederickbrown@example.com
59246386,Mark Dean,Hernandez,Edwards,1978-09-13,F,pruittedwin@example.org
73339659,Brooke Daniels,Davis,Davenport,2004-08-09,F,elewis@example.org
83925834,Samantha Anderson,Richardson,Brown,1956-11-09,F,gloria83@example.net
14575104,Madeline Smith,Ewing,Powers,1958-09-12,M,vjones@example.org
49593152,Holly York,Duffy,Patterson,1964-04-19,F,gordonangie@example.com
63027392,Patricia Myers,Smith,Powell,1961-04-25,F,douglasderek@example.org
29167022,Ebony Duke,Maldonado,Hill,1960-09-01,F,melissa73@example.com
18772729,Luke Benson,Blackwell,Sanchez,1990-06-28,F,allison33@example.com
71348522,Jesus Kim,Cole,Stein,1994-12-19,F,drodriguez@example.org
23802819,Jennifer Higgins,Barr,Andrews,1985-03-27,M,michaelashley@example.org
70857263,Angela Santos,Williams,Tucker,2000-12-31,F,jamesmatthew@example.org
81713867,Andrea Robinson,Li,Fry,2005-01-18,M,davidpierce@example.net
34670488,Sarah Hunt,Marshall,Johnson,2004-04-09,F,kingchristopher@example.com
29382312,Laura Jackson,Harding,Rocha,2010-07-07,M,meghan93@example.org
94802650,Veronica Gallagher,Moore,Bradley,1976-07-04,M,ysmall@example.net
31541275,Laura Mayer,Wagner,Arnold,1954-06-10,F,daniellemartin@example.net
31336867,Alexander Curry,Carrillo,Anderson,1983-07-26,F,tiffanynelson@example.org
82191694,Steven Grimes,Foster,Williams,1963-01-24,F,sarah63@example.org
51498048,James Nguyen,Martinez,Williams,2006-04-08,F,vcruz@example.net
53158055,Katherine Lee,Cooper,Hill,1977-08-25,F,ashley32@example.org
41146539,Leah Johnson,Fisher,Adams,2007-08-31,M,handerson@example.net
14062630,Michele Beltran MD,Young,Allen,1991-12-15,F,paulcrawford@example.com
28331120,Hector Nguyen,Walker,Baker,2016-11-10,F,jacobwood@example.org
58272939,Ashley Adams,Welch,Nelson,1964-03-19,M,wbyrd@example.net
52574026,Karen Salas,Vaughan,Ayala,1963-09-08,M,jasmine82@example.net
56260410,James Huber,Lee,Steele,1955-08-21,F,taylorthomas@example.org
90831097,William Rogers,Morris,Martin,1985-07-07,M,ashley13@example.com
46988399,John Martinez,Moore,Garcia,2004-09-16,M,elliscrystal@example.net
30241531,Jeffery Jones,Barker,Stuart,1960-12-31,M,darrellvalenzuela@example.org
42291336,Melissa Gray,Johnson,Rich,1976-07-30,M,wbaker@example.org
53816596,George Hunter,Williams,Jones,1974-07-18,F,emily93@example.com
44104419,William George II,Martinez,Frazier,1960-05-30,M,brownjanice@example.com
93614459,Brendan Santos,Grant,Parker,1994-08-21,M,churchdavid@example.org
15559259,Anthony Flores,Zhang,Simmons,2013-09-22,F,tcoleman@example.com
46786285,David Turner,Price,Greene,1988-12-13,M,ramirezroberto@example.org
59537756,Catherine Lewis,Miller,Gibson,2014-07-21,F,gsmith@example.net
18018491,Mary Davis,Mendez,Moran,1968-05-05,F,smithjohn@example.net
70492526,Nicholas Myers,Bradley,Armstrong,1977-08-19,M,devinbradley@example.net
41242162,Jessica James,Turner,Dixon,1973-04-13,F,ibarrett@example.org
99559007,Jamie Nolan,Reed,Casey,1999-03-26,M,lynnbenson@example.org
81995161,Heather Kelley,Black,Davis,1971-01-11,F,wisebethany@example.com
92886846,Michael Cole,Preston,Coleman,1965-11-25,M,riveramichael@example.net
44476167,Peter Hubbard,Chandler,Moore,1958-07-20,M,danny79@example.net
78487117,Jessica Moore,Maddox,Owens,2017-02-21,F,karen40@example.net
44051475,Christopher Bryant,Robbins,Haney,2011-02-17,M,jeremy99@example.net
51809610,Keith Mullins,King,Sanchez,1989-07-22,M,april14@example.com
31505221,Jacqueline Schneider,Harris,Lewis,1983-02-11,F,gthompson@example.net
56289595,Kendra Parker,Wheeler,Bailey,1978-07-21,F,anthony00@example.org
15450840,Kevin Nolan,Phillips,Blake,1978-01-22,F,robinsonchristian@example.com
62570359,Daniel Simpson,Peters,Vance,1960-08-28,F,michaelgraves@example.org
37704156,Joel Wise,Mccormick,Jackson,1978-12-20,M,schmidtdanielle@example.com
55161699,Scott Mosley,Blair,Mitchell,2000-06-25,M,jocelynvaldez@example.com
49967987,Katherine Brown,Stephens,Huang,1999-10-16,M,wadams@example.net
85527116,Jimmy Cantrell,Huffman,Lowe,1974-01-04,M,ihernandez@example.net
94973671,Cassandra Friedman,Webb,Gray,2011-04-27,M,michaelharding@example.com
75027794,Julia Moore,Hill,Scott,1958-12-12,F,bmcneil@example.org
39500296,Billy Jones,Russell,Kelly,1989-08-13,M,mmills@example.net
96715615,Christina Phillips,Wilson,Montoya,1972-07-08,F,blowery@example.net
86696459,Brian Cervantes,Daniels,Perez,1991-04-25,M,christopherreynolds@example.org
94524545,Craig Young,Sutton,Brown,2009-09-19,F,caseycook@example.com
83223184,Karen Wilson,Moreno,Baker,1995-03-31,F,julianweaver@example.com
95571347,Melissa Stephens,Bauer,Jones,2009-07-22,M,chadphillips@example.org
68263624,Julie Glass,Burton,Mosley,2005-07-19,F,jennifer77@example.com
17567629,Kevin Armstrong,Smith,Pineda,2005-02-01,M,hartmelissa@example.net
81485249,Justin Guzman,Lyons,Morgan,1973-05-08,M,harriscody@example.com
32697825,Thomas Wolf,White,Page,1960-11-26,M,whitegary@example.com
64265610,Laura Carter,Clark,Thomas,2002-10-22,F,edward21@example.net
80313047,Maria Osborn,Taylor,Lester,1954-06-03,M,william18@example.org
93632101,Sara Chen,Atkins,Fleming,2005-02-15,M,boydjoshua@example.org
46199823,Daniel Fisher,Velasquez,Cherry,1953-12-07,F,gonzalezphilip@example.com
49482451,Jerry Golden,Hansen,Matthews,1959-08-18,F,wrightsharon@example.org
74491447,Richard Sanchez,Johnson,Freeman,1968-04-22,F,qcoleman@example.net
38668249,Carrie Hernandez,Taylor,Ford,1975-08-21,F,gdrake@example.net
91674675,Kelly Hutchinson,Scott,Reid,1955-11-26,F,pthompson@example.org
84923685,Lori Martinez,Washington,Flynn,1954-04-12,F,qnielsen@example.org
61462413,Isaac Duarte,Munoz,Elliott,1973-09-19,M,thomasjeffrey@example.com
94107745,Jamie Johnson,Morrison,Weaver,2003-07-15,M,haleyarroyo@example.com
70685055,Eric Woodard MD,Bradley,Scott,1977-10-29,F,jerryfrost@example.org
91291241,Karen Jensen,Moss,Barrera,1978-07-30,M,ashley61@example.org
63712449,Robert Hubbard,Ellis,Taylor,1978-08-05,F,johnmorales@example.org
19756971,Seth Hall,Alvarez,Yang,1999-10-16,M,nrodriguez@example.net
49368174,Lisa Martin,Douglas,Robinson,2012-12-08,M,sarah40@example.net
93283908,Shelly Morgan,Maldonado,Baker,2018-05-28,M,jsmith@example.org
67668470,Danielle Thornton,Fritz,Holmes,1953-12-26,F,bradleyhorton@example.net
37000409,Lindsey Juarez,Smith,Spencer,1969-04-19,F,joserobbins@example.com
24898416,David Nichols,Willis,Patel,1966-05-10,F,melissa19@example.net
54663389,Jeffrey Hamilton,Torres,Black,1997-08-24,F,michaelbean@example.net
21356560,Kimberly Hernandez,Miles,Love,1986-10-12,M,kristen24@example.com
20115995,Sharon Fletcher,Wells,White,1967-11-14,M,mblackwell@example.org
52229495,Matthew Neal,Ellison,Price,1967-07-28,F,walkercharles@example.org
12856183,Thomas Zimmerman,Patel,Wilkinson,1992-07-14,F,bgibson@example.net
68025025,James Guzman,Lewis,Guzman,1980-08-08,F,alex07@example.net
82729730,Ross Castro,Stevenson,Bennett,1989-06-21,F,sandrakrueger@example.com
98409452,Timothy Ross,Pena,Huffman,1961-12-18,F,kimberlypoole@example.com
91496999,Nancy Gonzalez,Long,Vance,2007-04-25,M,rebecca25@example.org
39841518,Kenneth Key,Cruz,Werner,2004-08-01,M,terryadam@example.com
32815810,Jenny White,Vincent,Davis,1978-01-24,F,lisajohnson@example.org
56226057,Gary Sandoval,Stephens,Torres,2019-06-02,F,nicolehunt@example.org
42840523,Matthew Rogers,Williams,Anderson,1958-12-09,M,mvance@example.net
17665426,Logan Salinas,Wagner,Wolfe,2018-11-30,F,fthornton@example.net
41755558,Whitney Paul,Stewart,Krause,1991-08-18,M,gstone@example.org
33742836,Travis Brooks,Weber,Castro,1969-07-29,M,claudia93@example.net
53695624,Jason Davies,Richards,Bell,2014-02-14,F,davidsonrandy@example.org
63600490,Michael Rodriguez,Anderson,Harris,2013-09-17,F,richard23@example.org
64809205,Connie Taylor,Williams,Sharp,1976-10-03,F,scott76@example.com
81721807,Eric Richmond,Smith,Davis,2016-12-10,M,cameronbell@example.com
98973115,Donna Brown,Spencer,Knight,1990-06-18,M,bolsen@example.org
94600297,Angela Walker,Craig,Torres,1998-12-17,F,alice30@example.org
45234681,Robert Jones DVM,Bryant,Horton,2012-08-31,M,sbooker@example.net
98527818,Shannon Allen,Alvarez,Watson,1992-12-09,F,zjoseph@example.com
64440511,Benjamin Powers,Cruz,Matthews,2011-04-09,M,edwardsjennifer@example.net
27809921,Shaun Hansen,Franklin,Wolf,1968-02-15,M,nunezjason@example.net
93129149,Philip Curtis,Carlson,Sanchez,1966-04-28,M,collinsjeffrey@example.org
15207174,Kayla Harvey,Copeland,Rivera,2018-10-08,M,jeanhenderson@example.com
79492474,Amber Burton,Hooper,Newman,1974-01-20,F,ejones@example.org
18850259,Mason Wilson,Turner,Zuniga,1992-02-21,M,stokeschristopher@example.net
20598458,Mr. Robert Jennings,Higgins,Kennedy,1988-06-10,M,gallegosdustin@example.net
50733681,Sharon Crawford,Pope,Snow,2015-06-10,F,teresa33@example.com
12345631,Casey Nelson,Johnson,Madden,1980-09-23,F,marshalljeffrey@example.org
47347460,Amber Hill,Martinez,Williams,1971-08-13,F,kathywang@example.com
13050971,Jeffrey Smith,Benton,Anderson,1988-05-21,F,zgomez@example.org
27750418,Andrew Pope,Santiago,Weiss,2015-07-23,M,lisabarnes@example.org
54154320,Caitlin Campos,Scott,Hart,2013-02-19,F,charlesrodriguez@example.com
29648036,Sharon Palmer,Larson,Hancock,1984-04-01,F,guzmanjoseph@example.com
58073163,Joseph Rose,Rhodes,Wheeler,1955-12-03,M,sharper@example.com
83704644,Randall Nelson,Mendez,Davis,2008-03-29,F,dperry@example.org
59238821,Dr. Marissa Carrillo,Todd,Lawrence,1965-02-21,M,ismith@example.net
46997679,Francisco Torres,Hunt,Gomez,2006-04-14,F,barrettteresa@example.org
30182108,Maria Mcneil,Campbell,Chen,1984-04-23,M,tlivingston@example.com
75361340,Christopher Wells,Torres,Lambert,1985-02-23,F,kyle41@example.net
75777541,Beth Howell,Waller,Gibson,1996-10-06,M,ocalderon@example.org
71728374,Steven Ramsey,Atkins,Hess,1977-08-15,F,uhill@example.com
53289035,Richard Johnson,Mclean,Watts,1995-06-09,F,natalie22@example.net
79429694,Michelle Bradley,Moore,Ramirez,2012-09-16,F,victoria17@example.com
91082919,Kenneth Moran,Gaines,Jones,1983-01-25,M,cstone@example.org
72229075,Justin Clay,Sheppard,Velasquez,1970-02-09,F,mosborne@example.org
69435645,Gloria Gardner,Austin,Scott,2016-11-05,M,butlerjames@example.org
45813350,Patrick Johnson,Winters,Miller,2015-04-09,F,castillodoris@example.com
77931595,Sarah Morales,Garcia,Taylor,1974-03-30,F,fsmith@example.org
90978566,Keith Price,Rush,Ramsey,2010-10-04,M,kellysmith@example.org
12056482,Dylan Murphy,Beasley,King,2001-12-11,M,sextonmichael@example.net
78305749,Rodney Weaver,Palmer,Stevenson,1992-11-05,M,jdavis@example.com
72569749,Lisa Mitchell,Hamilton,Martinez,1967-04-08,F,browndennis@example.org
70104992,Kelly Gonzalez,Jones,Green,2014-06-25,F,david72@example.net
59483710,Shelly Newton,Peters,Booth,1964-10-20,F,akim@example.org
27684372,Deborah Elliott,Obrien,Carter,2017-04-01,M,sean91@example.com
20920636,Sherry Sims,Estes,Johns,1992-12-27,M,middletonmichael@example.com
27720530,Stacey Perez,Garrison,Castro,1969-06-26,F,sanchezwilliam@example.net
60923328,Michelle Jones,Allen,Griffin,1994-10-04,M,debrawoods@example.org
72352990,Nicholas Hill,Graves,Brock,1987-09-26,F,michaelbarron@example.org
81706436,Matthew Mitchell,Morgan,Ortiz,1967-12-31,F,stevenmanning@example.net
79551293,Robert Hill,Murphy,Rice,2019-05-10,M,lori58@example.net
95109800,Eric Graham,Anderson,Marshall,1986-01-25,F,nmiller@example.net
96235369,Amy Walker,Walls,Walker,1983-10-01,M,wrightelizabeth@example.org
41894595,Todd Lawson,Morgan,Humphrey,1961-06-13,F,haasryan@example.com
18828685,William Moss,Castillo,Perez,2006-08-13,F,tony87@example.com
97197672,Tom Williams,Le,Harvey,1966-06-07,F,zowens@example.com
58608282,James Lopez,Mccarty,Watts,2014-06-11,F,orose@example.net
63293238,Keith Mcbride,Williams,Jones,1986-06-02,M,tammyking@example.com
71936434,Patricia Rodriguez,Martin,King,2010-04-30,F,eduffy@example.net
62878739,Michael Kennedy,Estes,Haynes,1969-08-09,F,brettrichards@example.com
68850782,Hayden Johnson,Peterson,Hill,1982-01-08,F,ross60@example.org
62735950,Danielle Walker,Richards,Jones,2012-12-06,M,tvaughn@example.net
22357545,Laura Christensen,Walker,Fields,1987-10-25,F,kevin36@example.com
65118843,Caitlyn Farrell,House,Anderson,2015-12-17,M,nruiz@example.net
66524521,Michael Walters,Jordan,Mcmahon,2000-01-17,M,kristen13@example.com
66081279,William Gregory,Acevedo,Ramirez,2012-01-08,F,jpaul@example.net
78837220,Calvin Barker,Costa,Jones,2014-10-14,M,collieramy@example.net
99884160,Jennifer Martinez,Scott,Conner,1992-11-13,M,hdouglas@example.net
69186846,Connor Estes,Lopez,Randall,1993-11-25,F,tara42@example.net
37396486,Evelyn Greene,White,Marshall,1998-06-29,F,alopez@example.net
78273784,Billy Waters,Jones,Lewis,2008-12-01,F,harttravis@example.org
69000682,Natalie Rowland,Steele,Reyes,1959-07-09,F,annwilliams@example.org
99887309,Amanda Cortez,Hughes,Lewis,2012-07-05,M,chelsea65@example.org
40051359,Jennifer Miller,Nelson,Gonzalez,2015-10-08,M,wilsonchristine@example.net
36015331,Travis Sutton,Kirk,Smith,2001-05-01,F,turnersharon@example.org
77193283,Jennifer Richard,Mills,Wheeler,1982-05-16,M,rushtonya@example.org
42762687,Ryan Rogers,Jordan,Rice,2000-06-02,F,qwilson@example.org
11582315,Dr. Lori Mckay MD,Esparza,Schmidt,1998-04-20,M,melanie39@example.org
69443144,Elizabeth Anderson,Vasquez,Bond,2010-05-08,M,richardsbruce@example.com
60920296,Lisa Holland,Lopez,Silva,1968-02-19,F,brittany94@example.com
93671014,Brandy Price,Donovan,Jackson,1974-04-24,F,blackwellalex@example.com
93213452,Anthony Hansen,Hall,Lewis,2013-01-06,M,lisa75@example.net
60139293,Thomas Stewart,Johns,Dennis,1954-08-19,M,uortiz@example.com
78812382,Frank Holder,Carter,Vargas,2018-12-26,F,amanda39@example.org
41466276,Brian Miller,Evans,Krause,1988-02-28,M,michaelrice@example.com
71522672,Ryan Moore,Bradford,Cain,1962-02-26,M,duncanrobert@example.com
85025926,Bernard Jimenez,Blair,Wood,1958-08-05,M,apierce@example.org
43411470,Rebecca Kelly,Atkins,Estes,1973-04-21,F,byrdpeggy@example.com
57759076,Terri Diaz MD,Pittman,Ballard,1996-12-29,M,millerjustin@example.org
30023286,Michelle White,Best,Bennett,1987-06-16,M,kathryn76@example.com
74451479,Kathryn Jackson,Baker,Bailey,1990-08-16,M,richardsonjames@example.com
45693091,Tammy Young,Hayden,Jones,2002-03-28,F,steven36@example.net
25500907,Andre Barnes,Hill,Hoffman,2005-02-04,M,parkertimothy@example.com
64325232,Matthew Gibson,Young,Silva,1978-04-29,F,emily32@example.com
64592936,Timothy Gibson,Gonzales,Boyer,1973-03-22,M,wilsonandrew@example.net
30972681,Stephen Barnes,Johnson,Adams,1971-03-25,F,vegadana@example.org
42668713,Paula Rivera,Harrell,Walker,1973-09-26,M,kcooper@example.org
38666928,Jose Allen,Phillips,Hall,1994-08-29,F,sandramartinez@example.com
54986868,Toni Park,Garrison,Day,1954-02-11,F,catherine87@example.org
65825230,Elizabeth Guerrero,Carr,Ross,2014-04-07,F,grahamlindsey@example.net
96696227,David Perry,Allen,Murillo,1981-08-22,M,kevin70@example.com
96711496,Melanie Rhodes,Chen,Ramirez,2013-08-14,M,sotojoshua@example.net
29494393,Andrea Vasquez,Elliott,Rojas,1997-03-24,M,amanda84@example.org
48843102,Stephanie Hayes,Russell,Nelson,1969-09-22,M,slee@example.net
83552991,Victoria Velez,Garcia,Cohen,2007-08-27,M,robert53@example.org
65040344,Christopher Moyer,Atkinson,Dawson,1967-12-11,F,schmidtmary@example.net
44388386,Mrs. Emily Garcia,Miller,Morris,2010-05-04,M,kimberly29@example.net
68302591,David Ponce,Mason,Lamb,1959-04-17,M,mary25@example.com
67715645,Jason Jenkins,Baker,Jarvis,1969-09-30,M,rodneysmith@example.org
90020068,Brett Hickman,Ho,Hebert,1972-04-17,F,hughesbrandon@example.org
15827464,Thomas Crawford,Anderson,Hall,1953-07-05,M,pamela32@example.net
74303137,Samuel Turner,Smith,Phillips,2008-06-25,F,april75@example.com
78453587,Laura Carter,Jones,Davis,2001-09-12,F,christopher45@example.com
43271128,Lauren Harris,Gould,Lewis,1977-10-29,F,amendez@example.com
40936907,Mary Robinson,Moore,Miller,1972-05-24,M,pmccall@example.com
19147434,Natalie Marshall,Solis,Johnson,1966-03-24,M,mackdaniel@example.com
37008645,Lisa Walls,Hughes,Kane,2009-08-29,F,loganpena@example.com
37789166,Edwin Vega,Williams,Scott,1979-08-25,F,bellis@example.net
85053685,Angela Rodriguez,Hernandez,Tate,1965-01-06,F,kim03@example.com
58017109,Ruben Pennington,Green,Clark,2017-06-10,F,carrollann@example.net
86890228,Kimberly Martin,Esparza,Williamson,1963-12-25,F,danielledennis@example.net
17902913,Crystal Austin,Scott,Johnson,1993-04-09,F,gomezjeffrey@example.org
35619031,Bianca Moreno,Garcia,Osborne,1993-11-30,M,earl67@example.com
23853939,Gregory Castro,Jacobs,Larson,2000-05-22,M,nharris@example.org
43573711,Daniel Bishop,Baker,Brown,1972-11-22,F,ganderson@example.org
36620555,David Mccall,Hill,Green,2009-12-28,F,gibsonvalerie@example.org
59442506,John Fox,Day,Moore,2001-09-05,F,jasonhernandez@example.net
63341680,Kelly Sanders,Morton,Nguyen,1965-03-19,F,johnsonjessica@example.com
69257924,Rebecca Nunez,Cantrell,Fletcher,1956-09-01,F,freemantodd@example.com
69248914,Curtis Johnson,Schmidt,Taylor,1989-09-13,M,ocruz@example.com
36412884,Jonathan Parker,Patterson,Castro,2004-09-05,F,rjenkins@example.net
93598619,Valerie Moyer,Gonzalez,Wiggins,2018-12-19,F,wdouglas@example.com
97477986,David Tucker,Burnett,George,1978-09-15,M,nhardin@example.org
93793024,Laura Rodriguez,Hill,Aguilar,1992-08-26,F,sandracastillo@example.com
68176510,Richard Pace,Henry,Johnson,1996-10-16,M,stephaniemclaughlin@example.org
49969339,Craig Cochran,Singleton,Warren,1994-11-16,M,rachel10@example.com
17770888,Trevor Williams,Jones,Obrien,2008-08-19,M,brianramirez@example.com
98479426,Kimberly Jones,Hunter,Burton,1953-08-15,F,pmorales@example.net
95280200,Rebecca Richardson,Gutierrez,Clark,2012-09-20,F,zlopez@example.com
26801122,Catherine Jones,Medina,Willis,1966-07-17,F,nicholas64@example.net
30448414,William Henry,Thomas,Ward,1969-06-24,M,xbutler@example.org
52574066,Zachary Gomez,Johns,Acevedo,1968-06-12,F,edwardandrews@example.net
70742190,Kelsey Pierce,Valenzuela,Wagner,1981-06-30,M,janicethompson@example.com
86137948,Elizabeth Sutton,French,Ortiz,1980-10-16,M,sherri39@example.net
69844143,Matthew Johnson,Reyes,Park,1969-02-09,F,jacquelinewright@example.net
64211419,Justin Nichols,Howell,Dean,1955-01-07,M,samantha42@example.net
82059303,Nicole Williams,Glass,Smith,2009-02-08,F,flynnkrista@example.org
52586537,Shannon Johnson,Rodriguez,Hughes,2007-06-07,F,qhartman@example.org
77343889,Erika Kelly,Johnson,Harvey,1960-09-12,M,megan39@example.com
65462464,Robin Lane,James,Anthony,1962-05-06,F,tamara64@example.net
49302052,Ann Adams,Green,Bryant,1969-07-14,M,charlessanchez@example.net
10122695,Margaret Shaw,Edwards,Horton,1965-11-11,M,pwilliams@example.net
65121922,Anna Butler,Smith,Kelly,2013-03-16,F,hstafford@example.net
81946460,Matthew Horton,Miller,Fowler,1996-10-12,M,beltranrobin@example.net
29489625,Ricardo Sullivan,Stanton,Chapman,2009-09-30,F,wwheeler@example.net
66571292,Stephen Morris,Davis,Ross,1962-01-29,M,ialvarado@example.net
55238450,Troy Castillo,Cooper,Rodriguez,1997-06-03,M,heathmatthew@example.org
50083386,Edward Hurley,Liu,Graves,2010-05-11,M,amanda13@example.org
36799657,Patricia Martin,Martin,Richards,2015-04-14,F,danahaney@example.com
30893408,Misty Elliott,Stafford,Cobb,2005-06-15,M,ndavis@example.org
35444799,Jason Graves,Morton,Daniels,1997-11-30,F,kimberly28@example.org
64263055,Jessica Mcdaniel,Kim,Jenkins,1976-02-05,M,mistydyer@example.com
10499915,Michael Flynn,Freeman,Rodriguez,1964-05-14,M,sherirowe@example.net
98126798,Heather Ramirez,Davis,Ramirez,2007-10-17,M,bwhite@example.com
25885304,Cynthia Sheppard,Elliott,Underwood,1986-04-30,M,juan19@example.com
48385833,Rachel Vincent,Ponce,Cardenas,2004-04-17,M,edward69@example.com
70259311,Deborah Andrews,Compton,White,1981-04-24,F,barbara76@example.org
15893494,Molly Davis,Marsh,Contreras,2004-01-11,F,stewartcourtney@example.net
36271035,Raymond Hansen MD,Norris,Clay,1970-01-18,F,mccannsuzanne@example.com
42686432,Jennifer Mcclure,Mckay,Rangel,1991-08-27,M,mrodriguez@example.org
82483066,Ryan Ramirez,Mcclain,Haynes,2014-11-15,F,uramirez@example.org
82779113,Dawn Mendoza,Casey,Hopkins,1994-02-14,F,mphelps@example.net
16989562,Jackson White,Miller,West,1958-05-15,M,gary49@example.org
85065652,Edward Burton,Bennett,Brown,1969-10-28,M,rogerssuzanne@example.com
18778924,Amanda Moore,Francis,Meyer,1963-02-25,F,muelleralexa@example.net
97477183,Ashley Glenn,Smith,Bailey,1968-11-15,F,isaiah58@example.org
37891058,John May,White,Lowery,2018-05-13,M,tylereric@example.org
77139469,Catherine Robinson,Fuller,Turner,2000-04-14,F,youngstephanie@example.com
79164734,Kathryn Johnson,Pena,Snyder,2015-03-29,M,larsonkevin@example.net
20779363,David Martinez,Tran,Duncan,2005-12-07,F,zbryant@example.com
52356023,Tracy Johnson,Pierce,Peterson,1968-01-18,F,jacob32@example.org
60137890,Ashley Rogers,Taylor,Valentine,1955-09-06,M,hfowler@example.org
25530133,Jason Russell,Lawrence,Davis,2010-02-26,M,kingdennis@example.com
41192801,Michael Cooper,Hoffman,Rodriguez,1996-08-21,M,jesseharper@example.com
84863090,Anthony Wagner,Lopez,Stephens,2006-08-07,M,williamsbryan@example.net
18506345,Mark Diaz,Frank,Jackson,1994-04-12,M,yangjennifer@example.org
49022290,Michael Dalton,Porter,Lee,1971-06-01,M,edward22@example.org
77702587,Ashley Perry,Hendricks,Morgan,1987-07-10,M,briggsstephanie@example.net
15015386,David Curry,Harris,Briggs,2013-04-16,M,wgreen@example.org
25800528,Sarah Johnson,Green,Washington,1977-06-01,F,dunnstephanie@example.net
40493965,Stephen Miller,Woodard,Jones,1956-02-17,M,jacobsonmanuel@example.org
42207906,Phillip Harding,Guerrero,Owens,1971-06-27,F,agould@example.org
80252799,Ashley Lopez,Daniels,Blake,1996-07-25,F,pagestephen@example.com
87500245,Timothy Page,Schmidt,Wilson,1956-04-07,F,elizabethsmith@example.org
92296703,Linda Wells,Brown,Phillips,1956-07-17,F,ufisher@example.org
99861701,Susan Hayes,Powell,Randolph,1997-11-03,M,pamelahernandez@example.net
13977031,Joshua Butler,Brown,Woodard,1994-10-15,M,onicholson@example.org
44604224,Michael Braun,Evans,Lawrence,1966-12-15,M,whitneyluna@example.org
90704169,Crystal Burton,Silva,Strickland,1987-02-12,F,brianpittman@example.org
11806778,Alexis Martinez,Green,Jordan,1996-01-22,F,christopherarnold@example.net
39389389,Angela Hayes,Pearson,Rivera,1958-01-12,F,gwright@example.org
62298465,Dustin Rodriguez,Reed,Davies,1979-07-04,F,william31@example.org
49368310,Megan Copeland,Nelson,Cooper,1969-05-05,M,davidheath@example.net
26301277,Paige Gomez,Thomas,Salinas,2017-08-12,M,angela42@example.org
97649458,Kerri Valdez,Reed,Lopez,1961-08-13,F,zachary15@example.net
95684686,Jasmine Mason,Fox,Smith,2007-07-13,F,stevenssheri@example.net
29116416,Brian Walsh,Chung,Simon,2013-11-16,M,leslie67@example.com
68320017,Deborah Perez,Ramsey,Lawrence,1983-02-02,M,kelly77@example.net
37241253,Alex Armstrong,Rodriguez,Patterson,1984-03-06,M,edwardbrowning@example.org
38881483,Richard Mason,Roy,Colon,1973-03-07,F,jeremy61@example.net
10891272,Katie Cox,Davis,Wong,1976-12-10,M,hphillips@example.net
53451941,Steven Smith,Tanner,Cobb,1959-12-04,F,shale@example.org
67226597,Andrew Martinez,Spencer,Lowe,1959-03-08,M,tamara24@example.org
86396108,Katherine Wise,Collins,Roberts,1974-05-16,M,donaldnoble@example.net
52022063,Robert White,Love,Garcia,1997-07-19,F,srogers@example.org
12739759,Timothy Gonzalez,Serrano,Williams,1981-05-10,M,hernandeznicole@example.org
58752973,Matthew Walters,Smith,White,1978-02-22,F,charlesjeffrey@example.org
38210172,Justin Lam MD,Henry,Ho,2001-06-04,M,spencerperez@example.net
58301542,Mark Jordan,Jimenez,Juarez,1961-03-25,F,jonathan20@example.org
86734138,Joshua Buchanan,Munoz,Johnson,1986-09-11,M,miguel94@example.com
95858911,Juan Crawford,Howell,Mccormick,2012-08-08,M,taylortodd@example.com
77263416,Michael Griffin,Webster,Parker,2012-12-29,F,sararodgers@example.org
61677207,Amanda Silva,Bautista,Stewart,2019-04-29,M,hbooker@example.net
21696205,Tiffany Acevedo,Blair,Wood,1991-04-04,F,robinsoncurtis@example.com
82070380,Megan Simpson,Thompson,Miles,1976-01-15,F,zachary62@example.net
60696856,Diana Haynes,Taylor,Sims,1992-12-07,F,edixon@example.org
36341557,William Clark,Miller,Anderson,2014-09-10,M,vblackwell@example.net
16101685,Ryan Mitchell,Walker,Tanner,1976-09-26,M,ygarcia@example.org
64553304,Leslie Hammond,Jimenez,Thomas,1980-04-06,F,iwatkins@example.org
97682231,James Hawkins,Owens,Mora,1985-05-01,F,ugordon@example.net
89430340,Anna Obrien,Nolan,Johnson,1960-07-08,M,hhammond@example.com
47934638,David Short,Joseph,Lin,1980-06-01,F,lance74@example.net
19438536,Paul Patel,Nelson,Bryant,1994-02-19,M,laurendavis@example.com
34043247,James Mitchell,Miller,Johnson,1995-02-03,M,murphykathryn@example.net
85767359,Misty Duncan,Lee,Little,1958-06-27,F,johnsontrevor@example.net
44681799,Michael Flores,Miller,Young,1972-04-07,F,tturner@example.org
30111910,Jeffery Campbell,Cameron,Lopez,2019-05-23,F,pachecojoseph@example.net
39652704,Scott Watkins,Lopez,Kline,1974-01-17,M,tyler10@example.org
17273551,Dr. Ryan Miller,Brown,Farley,1965-02-07,M,nortonmichael@example.net
30332267,Stephanie Baxter,Briggs,Hill,2014-10-02,F,michaelpayne@example.net
58897526,Louis Jenkins,Velasquez,Carroll,1996-11-11,M,fwilliams@example.net
91521932,John Day,Cummings,Allen,1979-07-19,F,msimmons@example.org
25610825,Melinda Davis,Weaver,Palmer,2015-09-07,F,richardrobbins@example.net
18056615,Matthew White,Johnson,Mcpherson,1954-05-04,F,steven28@example.net
74078830,Brian Crawford,Crosby,Hancock,2008-03-06,M,slamb@example.org
93972699,Jeffery Cole,Jones,Williams,1999-12-18,M,xjones@example.org
36533007,William Woodard DDS,Ray,Mckinney,2005-01-09,M,bradleyjessica@example.org
82481604,Tina Lopez,Lee,Summers,1986-10-31,M,christina85@example.net
82491638,Cassandra Alexander,Stewart,Williams,2010-03-30,M,martingary@example.com
47203722,James Waller,Floyd,Grant,2012-10-27,M,evanskelli@example.net
83413828,David Colon,Reid,Rangel,1992-08-07,M,ilewis@example.com
59145576,Nicole Waters,Rose,Ward,1974-06-09,F,gking@example.com
51488112,Elizabeth Young,Shepard,Lyons,1958-12-26,M,ufloyd@example.com
22833522,Paul Mccann,Brown,Simmons,1990-12-01,F,oliviathomas@example.com
15799347,Charles Dawson,Lewis,Lopez,1986-05-26,F,barbara02@example.org
85941671,Nathan Ramsey,Cook,Robinson,1967-08-05,M,zlewis@example.net
66554283,Alyssa Watts,Villanueva,Rodriguez,1990-06-17,M,mary80@example.org
24158987,Tiffany Lam MD,Wright,Morgan,2010-09-08,F,alyssarussell@example.com
98501069,Jessica Miller,Ballard,Travis,1968-04-22,M,richard79@example.com
44789599,Todd Shelton,Davis,Davies,1993-02-19,M,michaelsmith@example.org
90947532,Thomas Alexander MD,Coleman,Watkins,2005-09-13,M,sotoherbert@example.org
78583292,Melinda Moreno,Gillespie,Phillips,2016-06-01,M,kristinmorgan@example.com
65815875,Sharon Stafford,Orozco,Baker,2010-09-29,M,russelldesiree@example.org
58145085,Jason Guzman,Stewart,Carpenter,1998-01-02,F,cooperjasmine@example.com
78330027,Raymond Young,Clark,Lawson,1991-04-28,F,zrivera@example.com
95904911,Mitchell Murphy,Allen,Reid,2018-09-22,M,isabellawalker@example.net
25520454,Frank Sanders,Jimenez,Reynolds,1975-10-26,M,maria51@example.net
34586224,Joshua Hatfield,Moore,Jones,1964-09-05,F,nelsontanner@example.org
77177328,Sarah Holland,Silva,Griffith,1958-04-24,F,hunterthomas@example.com
48034360,Tonya Cortez,Hayes,Grant,1964-06-29,F,luiswilson@example.com
46653961,Walter Huang,Harris,Graves,2014-10-04,F,gonzalezbrenda@example.net
64454025,Eric Willis,Rivera,Conway,1987-06-23,M,krystaljohnson@example.com
60389550,Alyssa Martin,Weber,Gutierrez,1973-04-19,M,qmitchell@example.com
73739150,Ashley Padilla,Wilson,Gibbs,2011-02-19,M,vharris@example.com
22032927,Marissa Pitts,Martinez,Wilson,1981-11-18,F,charlesguerrero@example.org
21911298,Katherine Hart,Vaughn,Freeman,1982-01-25,M,rebeccasullivan@example.net
15391779,Aaron Fisher,Farley,Cobb,2018-07-19,M,william13@example.net
44461169,Christine Cook,Combs,Meyer,1997-08-24,F,mccartyscott@example.net
45473740,Christopher Sloan,Mitchell,Cuevas,1965-11-19,M,butlerkimberly@example.com
74240489,Peter Hall,Swanson,Lindsey,1996-05-01,F,fergusonregina@example.com
51508418,Chris Pugh,Brooks,Ortiz,1961-09-09,M,johnstondouglas@example.org
13542968,Timothy Daniels,Gordon,Mills,1954-01-16,F,robert02@example.org
12857937,Megan Brown,Flores,Roman,2013-10-18,M,lrichardson@example.org
80631490,Jeffrey Cooper,Perkins,Melendez,1988-05-05,M,rduran@example.com
37845960,Jared Graham,Banks,Sullivan,1958-09-27,M,daniel18@example.org
79766614,Justin Cook,Cooper,Powers,1977-07-19,M,shannoncox@example.org
28440021,Shane Jenkins,Kerr,Mosley,2011-09-23,F,jamie90@example.net
58202276,Brian Morton,Smith,Johnson,2000-09-24,M,kathleen29@example.com
46363835,Angel Johnson,Allen,Jennings,2000-07-04,F,rwalsh@example.org
79509789,Lynn White,Bell,Vazquez,1988-06-08,M,cheryl06@example.org
86754348,Toni Richards,Green,Ballard,2006-07-03,M,clarkbrian@example.org
60400782,Danny Torres,Anderson,Smith,1966-05-10,F,riveraeric@example.org
52075204,Aaron Williams,Simpson,Brewer,1977-09-23,M,romanzachary@example.org
71440417,Nicholas Evans,Stevenson,Warren,1984-03-28,F,millerjacob@example.com
73108233,William Holloway,Burch,Choi,2015-11-20,M,torrespaul@example.com
35287906,Ryan Hopkins,White,Jensen,2014-11-12,F,lesliefoster@example.net
37662059,Barbara Brock,Osborne,Rodriguez,1964-09-04,M,jellis@example.org
58892892,Tracey Mclaughlin,Hunt,Rogers,1995-08-25,M,jeffrey12@example.org
15312402,Michael Golden,Flores,Nielsen,1986-11-09,F,wjimenez@example.org
19312816,Alexa Hill,Anderson,Best,1985-08-25,F,jill91@example.com
46274571,Nathan Kirby,Moore,Holmes,1985-12-10,F,kschultz@example.net
66587344,Laura Thompson,Fernandez,Luna,1989-05-09,F,gregoryhull@example.net
69995286,Rebecca Huffman,White,Boyd,2010-07-15,M,jonesjason@example.com
53715860,John Beasley II,Johnson,Clay,1990-05-18,F,ogarcia@example.org
75856188,Jorge Wood,Jackson,Velasquez,2001-11-11,F,drosario@example.org
57743183,Justin Green,Jones,Lang,1997-02-05,M,connerdeborah@example.com
31897474,Ernest Martin,Edwards,Neal,1973-09-19,F,ddaugherty@example.org
13657504,David Pearson,Johnson,Cannon,1986-06-26,F,kristine80@example.net
86629014,Lori Hernandez,Kent,Bauer,1973-10-11,M,james05@example.org
77759334,Jennifer Castillo,Green,Wilson,1987-04-13,M,markreyes@example.net
76345111,Kevin Gutierrez,Hale,Nguyen,1957-04-02,M,david48@example.com
95997765,Angela Moran,Kelly,Blair,1955-04-04,F,ubuck@example.org
71575548,Brian Reeves,Gordon,Snow,2010-12-10,F,reedpatricia@example.org
29322550,Kathy Ortega,Knight,Hart,1971-11-26,M,timothylawson@example.org
61047305,Amanda Hernandez,Myers,Jones,2014-07-03,M,samanthamatthews@example.net
88064280,Bonnie Howell,Harper,Smith,2012-06-26,F,timothyarroyo@example.net
47675979,Patrick Miller,Davis,Hester,2003-01-11,F,jenniferwilson@example.net
46680444,Kathleen Norton,Benton,Wu,1956-04-11,M,jamiebrown@example.org
11109330,Tyler Snyder,Garcia,White,2011-06-27,F,cohenstacey@example.net
90298262,David Williams,Roberts,Shelton,1955-09-30,M,stonewilliam@example.org
15127247,Kimberly Cox,Fox,Williams,1967-08-09,F,lucas34@example.net
28921766,Kayla Haynes,Bradley,Cooper,2012-06-06,M,kelly76@example.net
99645175,Heather Hawkins,Conrad,Parker,1986-08-11,F,julia75@example.com
56428400,Timothy Marshall,Day,Jones,1977-03-30,F,jonesdonald@example.org
25389769,Roger Johnson,May,Rodriguez,1969-02-21,M,christopherduke@example.com
72819253,Rhonda Holmes,Lopez,Warren,2008-02-26,F,angelakrause@example.org
46043726,Fernando Ferguson,White,Smith,1996-10-27,M,dmccarthy@example.org
15312364,Ashley Nelson,Moore,Castaneda,1958-01-23,M,jamie38@example.com
11861640,Christian Ramirez,Mccullough,Knight,1963-08-26,F,charles62@example.org
49635448,Timothy Brown,Stewart,Edwards,1983-10-08,F,dfleming@example.net
97382105,Nancy Jones,Jackson,Berry,1987-10-19,F,ogreen@example.net
78776710,Sarah Daniels,Carroll,Clark,1957-05-11,F,rachelleach@example.org
99706561,Erica Hart,Taylor,Rogers,2014-04-08,M,ghernandez@example.net
13624044,Garrett Hall,Weaver,Sanders,1997-02-22,F,jeffrey11@example.com
20591025,Dr. Victor Carpenter DDS,Espinoza,Dalton,1965-03-14,M,allenelizabeth@example.org
44235001,Natalie Thomas,Walker,Thompson,1984-11-09,F,ejohnson@example.com
29430862,Shelby Rivera,Reed,Vasquez,1984-11-25,F,hannah51@example.com
46378168,Felicia Fritz,Reed,Davis,1999-10-08,M,nuneztyler@example.com
43443744,Mario Davidson,Ford,Francis,2008-07-04,F,cannondebra@example.com
63282275,Michael Travis,Rush,Lewis,1962-01-29,M,johncampbell@example.org
43121122,Wyatt Molina,Campos,Hughes,1992-04-26,F,jessicaboyd@example.org
84725132,Melissa Obrien,Craig,Green,2009-04-06,M,denisefletcher@example.org
78564590,Michael Schmidt,Ware,Wright,2007-09-20,F,james53@example.net
72238721,Allison Anderson,Franklin,White,1993-07-26,M,paulacrawford@example.net
24483776,Tiffany Duncan,Hickman,Rowe,2004-10-07,F,andrew52@example.net
12977735,Lindsay Combs,Jones,Johnson,2004-03-22,F,mannthomas@example.org
87248521,Thomas Campbell,Kim,Nicholson,2016-12-27,F,peter17@example.org
39984388,Shannon Shelton,Copeland,Berger,2009-03-27,F,jacobparker@example.org
51975032,Doris Smith,Phillips,Choi,1994-12-18,F,connor84@example.com
41560625,Michael Parsons,Steele,Garcia,1966-06-27,F,mwilson@example.org
25092511,Patricia Richardson,Walker,Long,1998-08-25,M,burgesstyler@example.org
71024009,Mrs. Marilyn Lopez,Mcintosh,Espinoza,1968-03-10,F,jon04@example.net
75344328,Kimberly Norman,Wilson,Torres,1973-06-09,F,kylecox@example.org
38767590,Ricardo Smith,Williams,David,2004-11-03,M,morananthony@example.net
22109131,David Schmidt,Durham,Mendoza,1985-09-05,F,camposdouglas@example.net
45521395,Daniel Jordan,Welch,Wilson,1989-09-07,M,marshdarlene@example.com
27112045,Brandi Brooks,Rhodes,Garza,1988-08-05,F,omendoza@example.org
38127486,Patrick White,Porter,Lambert,2003-05-31,F,shelleyrogers@example.com
27174567,Andrea Foley,Reeves,Gay,1981-02-27,F,davenportaaron@example.org
57280830,Ronald Lopez,Brandt,Harrison,1971-01-30,M,jbradley@example.org
32259601,Matthew Freeman,Mcfarland,Carter,1986-10-18,M,pmoore@example.com
39716826,Karen Elliott,Powell,Hall,1964-11-13,F,robinellis@example.org
57125166,Megan Mcguire,Thomas,Walker,1975-05-27,M,csanchez@example.org
50216800,Michael Hayden,Estrada,Terrell,1982-06-25,F,courtney80@example.net
57143522,Deborah Garcia,Blanchard,Miller,2010-03-31,M,peckjohn@example.net
49118479,Charles Thomas,Hayes,Sanchez,1968-05-08,F,eric71@example.org
54839277,Michael Valdez,Harrison,Davis,1961-05-26,M,barbarafrey@example.org
17503373,Connie Richardson,Spence,Sosa,1979-06-18,F,mariah34@example.com
85893576,Susan Eaton,Wise,Harrington,1971-12-01,F,charlescurtis@example.com
19697427,Luke Sanders,Edwards,Lara,2000-05-17,M,tracyjones@example.net
77113122,Anita Byrd,Stevenson,Walker,2007-07-18,F,kathleen53@example.net
65542748,Joseph Powell,Smith,Mann,1974-10-28,F,owensvictoria@example.com
99737197,Shannon Townsend,Burns,Barker,1986-11-17,M,stacygutierrez@example.org
15178129,Jason Wood,James,Rodriguez,1975-07-10,M,fbrown@example.net
74357364,Amanda Morris,Dominguez,Robinson,2015-12-11,M,pfrank@example.com
51124505,Sandra Petersen,Griffin,Smith,1959-10-21,F,jacob36@example.org
47787722,Holly Gill,Padilla,Lozano,1960-10-19,M,mathewsmith@example.org
47408368,Nicole Stephens,Owens,Franco,1957-03-19,M,thompsonshannon@example.org
92552195,Tammy Wall,Decker,Oconnell,2018-07-29,F,ywilliams@example.com
26945426,Mark Horn,Jones,Calderon,1960-04-25,M,dcook@example.com
64245947,Todd Smith,Chavez,Harris,1971-03-10,F,vegamelissa@example.org
70212357,Steven Hernandez,Hanson,White,1955-04-25,M,abigailcarter@example.net
51716897,Erin Young,Williamson,Gonzalez,1971-04-07,F,suzannegross@example.com
54971257,Laura Harris,Walls,Moore,2000-01-24,M,ibailey@example.net
30486090,Sharon Anderson,Gregory,Brown,1976-07-15,M,stephensheidi@example.com
86192599,Caroline Lynch,Lee,Martinez,1973-11-30,M,brownstacy@example.org
69818257,Carlos Riley,Soto,Hunter,1956-11-22,F,jonesbrooke@example.org
75729343,Patricia Thomas,Rocha,Houston,1989-10-12,F,greenjenny@example.com
19854432,Joshua Thomas,Terrell,Davila,2012-10-01,F,julie75@example.com
10650475,Joe Hall PhD,Grant,Jackson,1980-03-06,F,steven77@example.net
18971440,Kelsey Reynolds,Garrett,Woods,1953-08-01,M,fenglish@example.org
30471183,Garrett Navarro,Smith,Levy,1978-08-30,M,jennifer00@example.org
69996974,David Perry,Shah,Mendoza,1954-04-07,M,laneeric@example.net
41524145,Jeffrey Cruz,Cox,Butler,1960-12-08,M,stephenfloyd@example.net
35674074,Corey Baker,Edwards,Washington,2018-09-20,M,lindsey85@example.net
18684761,Denise Boyd,Smith,Anthony,1962-02-24,F,crawfordelizabeth@example.org
67287846,Anna Martinez,Nelson,Bryant,1999-06-17,F,lambvirginia@example.net
75661624,Johnny Sherman,Flores,Cook,1969-02-02,M,jessicasexton@example.org
40533646,Michael Garcia,Scott,Smith,1957-11-17,F,mcmahonanthony@example.com
68919604,William Cole,Dudley,Newman,1962-08-28,F,larry20@example.com
11522526,Johnny Perez,Torres,Dillon,1981-06-15,F,ppotts@example.org
79884962,Antonio Carr,Ferguson,Clark,1983-08-15,F,annlindsey@example.org
77239600,Ronald Hampton,Murphy,Kerr,1980-11-17,F,margaret47@example.net
24770839,Tiffany Warren,Dunn,Jensen,1973-03-13,M,robert69@example.com
41389847,Katie Smith,Contreras,Hayes,2009-01-01,F,vsullivan@example.org
34422173,Drew Martin,Kelly,Lopez,1986-02-25,F,patricia83@example.net
76130263,Nicholas Thomas,Ortiz,Bates,1985-03-14,M,thompsonnicole@example.org
69147013,Ryan Martin,Wong,Bennett,1964-07-11,F,gmiller@example.org
52893931,Rachael Harris,Andersen,Graves,1985-02-08,F,christopherroberson@example.org
44910364,James Sanchez,Shah,Lynn,1963-03-15,M,martinmark@example.com
27298803,Lacey Walker,Ross,Parker,2001-05-31,F,jonathanperry@example.com
28703238,Mathew Moore,Munoz,Scott,1958-01-08,M,ronalddoyle@example.net
74673227,William Moreno,Riley,Cline,1956-07-20,F,juliegrimes@example.org
47167637,Bryan Green,Clark,Hernandez,1976-04-19,M,timothy49@example.org
19032708,Justin Molina,Schneider,Miller,1995-12-27,F,robinsontimothy@example.net
24060122,Jessica Bates,Allen,Acosta,2013-03-23,F,alyssa26@example.net
20372426,Kevin Fields,Hoffman,Pope,1982-12-17,F,rebeccabenson@example.org
40741353,Charles Brooks,Becker,Schultz,2005-02-07,M,wilsonkimberly@example.net
27200628,Herbert Johnston,Bailey,Davis,1985-05-29,F,vblack@example.com
46563572,Janice Allen,Garcia,Brown,1989-11-12,F,xwatkins@example.com
45597496,Heather Lewis,Gilbert,Robles,1983-03-13,M,proberts@example.org
79889013,Melissa Irwin,Ortiz,Weber,1981-07-15,F,qrocha@example.org
99388819,Michael Cabrera,Blankenship,Lopez,2009-03-13,M,tonimiller@example.org
93655393,Lauren Evans,Mason,Soto,1957-08-10,M,mullinsjeffrey@example.net
25751343,Anna Ho,Gibson,Wong,2017-07-09,M,martinezseth@example.org
69978519,David Mitchell,Moran,Barajas,1954-04-23,M,sharonowens@example.com
86281068,Amy Stone,Bruce,Jones,2018-04-26,F,atkinsonmichelle@example.com
61668268,Melissa Bishop,Williams,Morgan,1976-09-25,M,gcruz@example.net
37923367,Joan Johnson,Baxter,James,1990-01-03,F,william99@example.net
12408133,Emily Rogers,Ponce,Mason,1972-02-16,F,bwolf@example.com
65663378,Dr. Anna David PhD,Hall,Adams,2016-09-20,M,jonesjames@example.org
42595096,Alexis Knight,Brooks,Williams,1994-11-20,M,hamiltonjon@example.org
60809573,Robert Johnson,Hubbard,Wolfe,1994-10-24,M,margaretgrant@example.net
68397462,Melanie Chapman,Mccoy,Lopez,1970-01-10,F,zdennis@example.com
74297144,Theresa Perez,Salas,Roberts,2005-06-08,F,mark38@example.org
19480839,Angela Velazquez,Thomas,Schneider,1975-01-31,M,mrobles@example.com
85835534,Paul Fox,Bailey,Baldwin,1997-02-05,F,otorres@example.net
83730140,Jeremy Cooke,Fitzgerald,Garcia,1954-02-28,M,patriciaperez@example.org
19148725,Lori Boyer,Chang,Christian,1986-10-24,M,hillhayden@example.com
71805909,Micheal Campos,Suarez,Foster,1994-02-06,F,thanson@example.org
11019730,Timothy Rodriguez,Gonzales,Calderon,1997-07-26,M,vancemaria@example.net
81405953,Daniel Martin,King,Smith,1956-07-01,F,ethanlewis@example.org
79041960,Dillon Daniels,Russell,Newman,1984-12-26,M,jessicamorrison@example.net
96889259,Jack Conley,Craig,Rios,1972-01-07,M,tanderson@example.org
86407967,Christine Martin,James,Morales,1972-07-10,M,vshannon@example.com
65348692,Anthony Macdonald,Jones,Anderson,1965-06-24,F,wolfmichael@example.org
34382570,Cynthia Adkins,Cabrera,Burton,1983-08-15,M,roberta32@example.net
59698236,Brittany Ford,Stevens,Zhang,1967-11-03,F,taylorjeffrey@example.com
92539381,Jessica Lawson,Mcdaniel,Richardson,1963-12-08,M,orodriguez@example.net
66303925,Luis Ward,Patrick,Sullivan,1987-02-24,F,casey68@example.org
41986054,Jamie Palmer,Green,Summers,1982-04-01,M,joshua32@example.com
77008719,Carlos Stephens,Rogers,Williams,1996-05-17,M,melissasimpson@example.com
18660926,Brian Ford,Watson,Gutierrez,1996-09-15,F,jacksantos@example.net
99125747,Deborah Solis,York,Gould,1960-11-11,M,julie44@example.org
28198805,Anthony Brennan,Davis,Soto,1975-07-03,M,sarahjones@example.com
39748473,Sarah Campbell,Richardson,Scott,1960-08-14,F,christy53@example.com
54893074,Rebecca Olson,Pierce,Snyder,1957-04-27,M,thomasdecker@example.org
17293461,Angela Matthews,Davis,Thomas,1964-02-26,F,jameschapman@example.net
21469097,Brian Shea,Lee,Tyler,1955-10-31,M,barajascharles@example.net
83174493,Matthew Hoover,Clark,Rubio,1986-08-03,M,bradley06@example.com
66137734,Lori Johnson,Howard,Evans,2002-12-01,M,craigthompson@example.org
60612048,Danielle Wilson,Dixon,Mann,1957-07-23,M,jeffrey33@example.net
12663895,Sara Lopez,Ramos,Ferguson,1993-07-25,M,amber29@example.com
12877360,Francis Oliver,Smith,Ayers,2002-10-05,M,parsonsjeff@example.org
27915976,Natalie Cooper,Mora,Munoz,1987-04-10,F,laurieoliver@example.org
44663710,Julia Davis,Randall,Rhodes,1965-07-15,M,welchamanda@example.org
28677433,Michael Schmidt DVM,George,Murray,1977-02-03,M,vprice@example.net
26614148,Jordan Richardson,Diaz,Smith,2004-01-09,M,qfernandez@example.org
45669950,Nicole Hill,Ford,Johnson,1968-04-22,M,jessica68@example.org
30915669,Andrew Wilson,Small,Jones,1993-07-15,F,gibsonashley@example.net
89533388,Lisa Blanchard,Thomas,Harding,1967-03-20,F,transarah@example.org
18815019,Kyle Hoover,Andrews,Hudson,1974-06-26,F,benderjennifer@example.net
79763739,Brian Foster Jr.,Cunningham,Todd,2017-06-24,F,gomeznathan@example.org
99848473,Sean Rodgers,Oconnell,Dixon,1977-11-08,M,jacksonmark@example.com
82370470,Taylor Francis,Lawson,Lam,1980-12-18,F,elizabeth54@example.com
53695117,Kim Gordon,Harrell,Henson,1996-06-06,F,cpennington@example.net
87379636,Joel Oconnor,Jimenez,Moon,1995-09-15,F,rachel51@example.org
96450011,Amanda Davis,Buck,Lee,1967-02-24,F,tamararomero@example.com
75016471,Kristin Harris,Cabrera,Mccoy,2001-01-04,M,moralesjeff@example.net
56308156,Nicole Perry,Parker,Johnson,2015-07-04,M,robinsonronald@example.net
29340654,Anthony Sanchez III,Gardner,Fuentes,1993-10-17,F,jenniferknight@example.com
13879340,Christina Harris,Simmons,Coleman,1961-02-18,M,bbaker@example.org
44455799,Brandon Miranda,Mckenzie,Gilbert,1956-07-13,M,hernandezjoel@example.org
38889987,Robin Buck,Vega,Gonzalez,1974-06-09,M,jensenhelen@example.com
45091397,Mark Kelley,Edwards,Kim,1988-07-13,F,yjones@example.net
58024423,Tiffany Jacobs,Riddle,Kelly,2013-03-09,F,paul18@example.net
16366172,Angela Hicks,Lester,Baker,1958-01-01,F,lisa66@example.com
35157639,Theresa Blair,Mccall,Howell,1964-11-25,F,joshuahamilton@example.net
22422194,Gabrielle Patterson,Lewis,Simmons,1980-11-07,M,valdezjennifer@example.com
21406681,Dennis Burns,Dickson,Spencer,1961-12-25,M,bshah@example.org
45185968,Jason Wallace,Clements,Perez,1984-08-08,F,rachel63@example.org
66762911,Katie Park,Brown,Valdez,1977-08-20,M,troy44@example.org
40696963,Edward Ramirez,Ford,Lyons,1983-03-19,M,ramirezstacey@example.org
79251320,Amy Green,Powers,Boyle,1991-01-09,M,douglas15@example.com
15824331,Marie Cabrera,Strickland,Jenkins,2006-09-20,M,maryshelton@example.net
54476736,Ivan Kennedy,Blackwell,Collins,1965-10-07,F,ibarraemily@example.net
39325366,Amanda Hart,Thompson,Hernandez,1978-06-07,F,awilson@example.net
73511325,Melissa Best,Davis,Smith,2016-09-21,M,ulewis@example.org
96348654,Kimberly Olson,Baker,Anderson,1981-04-09,F,ccohen@example.net
43348310,Jessica Warren,Martin,Williams,1957-05-02,F,ryan78@example.net
85069359,Erin Gonzalez,Wall,Sullivan,1960-10-11,F,ghutchinson@example.org
34742026,Joseph Singh,Mclean,Garcia,1969-04-29,F,nicholasjones@example.com
41057005,Lauren Nelson,Smith,Gonzalez,1962-06-10,M,leerichard@example.org
60263074,Christopher Jensen,Mullins,Chapman,1965-02-14,M,robinjones@example.com
76977061,John Crawford,Grant,Holden,2017-12-07,F,roberto08@example.net
30768954,Kirk Gonzalez,Nelson,Grant,1983-04-01,M,julia39@example.net
74973157,Bryan Rubio,Thompson,Brown,1965-09-06,M,jennifer32@example.net
79956544,Jessica Drake,Cox,Simpson,1983-03-14,F,washingtonlaura@example.net
36010617,Bobby Contreras,Dean,Carter,2011-04-07,M,michaelmcmillan@example.org
49205252,Dana Hunter,Hoffman,Conrad,1986-01-29,M,alexanderchad@example.org
17339028,Jeffrey Mckinney,Bailey,Lambert,1959-04-15,F,scoleman@example.com
91096599,Jessica Pugh,Mills,Foster,2015-08-12,M,eric50@example.org
90470970,Jennifer Garcia,Bowman,Alvarez,1954-11-03,F,lammark@example.net
92997159,Logan Moses,Torres,Alvarez,1982-07-14,M,mark96@example.com
23665689,Emily Smith,Brooks,Barton,1981-01-21,M,atkinsevelyn@example.net
28543219,Stephanie Thompson,Price,Mitchell,2001-07-18,F,kerri09@example.org
79010185,Gloria Pittman,Morgan,Dodson,1984-09-29,F,lanesara@example.com
62265539,Erik Clark,West,Sanchez,2015-05-23,M,nbenton@example.com
79093829,Marcus Mcgee,Leonard,Smith,1966-07-11,F,matthew14@example.com
29740711,Andrea Juarez,Hernandez,Thompson,1975-12-31,M,seanlee@example.org
52021258,Russell Wilson,Thompson,Young,1966-04-06,M,brownjohn@example.com
33621384,Angela Jennings,Bates,Ruiz,1999-02-01,F,vrogers@example.com
29060999,David Malone,Hernandez,Howard,1959-05-11,M,perezjennifer@example.com
91039439,Timothy Flowers,Davis,Stone,1995-01-13,M,amythompson@example.net
88666903,Michael White,Reed,Singleton,1982-03-02,M,carneyanthony@example.org
91538649,Melissa Ramirez,Mason,Hall,2008-08-12,M,scott83@example.net
78013407,Joel Khan,Simmons,Williams,2017-11-24,M,barry01@example.org
71502684,Edward Miller,Martinez,Salinas,1963-07-20,M,dgordon@example.com
91783447,Eric Smith,Barnett,Davis,2016-03-22,M,jennifer97@example.net
78425367,Alex Webb,Parker,Barry,1964-09-21,F,wendy68@example.com
83467799,Christopher Chen,Mcneil,Todd,1995-01-07,M,allenadriana@example.com
88335197,Jamie Leach,Franco,Richardson,2003-07-05,F,jmason@example.com
52708369,Kelly Guerrero,Mclaughlin,Wilson,1965-05-03,F,lisaevans@example.net
26536647,Jonathan Sullivan,Thomas,Stephenson,1993-11-19,M,masonjesse@example.net
33696212,Sarah Leach,Smith,Lozano,2014-09-13,F,dana57@example.org
20010121,Anthony Gardner,Robbins,Ramirez,1954-05-09,M,danabaker@example.net
38979348,Becky Russell,Sanders,Mack,1962-07-10,F,gina01@example.org
83994226,Cynthia Harper,Perry,Lopez,1994-09-13,M,halljessica@example.net
50367920,Angelica Thomas,Hutchinson,Riley,1983-01-08,F,cartermichael@example.org
79513115,Haley Harris,Fox,Taylor,1995-06-17,F,bjohnson@example.com
32036147,Bruce Smith,Moore,Marshall,1969-05-15,M,preid@example.com
93753804,Savannah Cruz,English,Bailey,1975-06-23,F,aprilvillanueva@example.org
80460235,Kristin Campbell,Berry,Brown,2000-08-26,F,mark76@example.com
21409391,Miranda Anderson,Griffith,Gonzalez,1969-04-14,F,snelson@example.org
65482071,Vanessa Richardson,Mcintyre,Jensen,2017-11-19,F,xfox@example.net
19674832,Trevor Butler,Bentley,Miller,1977-12-02,F,amy92@example.net
50692326,James Owens,Hardy,Barker,1958-05-28,F,ramosjoseph@example.com
71749276,Trevor Lewis,Newton,Downs,2006-01-24,M,gchurch@example.net
23932274,Mary Gordon,Salas,Ward,2014-08-12,M,martinrandall@example.org
54682693,Gloria Stone,Brown,Evans,1973-05-29,M,justin21@example.com
57196643,Robert Wilson,Hernandez,West,2016-11-17,F,wmartin@example.org
26953465,Matthew Thompson,Scott,Anderson,1974-12-16,M,jenniferwoods@example.com
35430228,Lauren Maxwell,Olson,Martinez,1983-12-06,M,jonathan09@example.com
12585998,Dr. Tamara Little,Greene,Beck,2013-06-27,F,nicholasschmidt@example.com
66881236,Tabitha Jefferson,Jones,Burch,1973-10-23,F,nlowery@example.com
43064982,Stephen Forbes,Campbell,Wright,1955-12-11,M,christina20@example.com
45545844,Andrew Branch,Melton,Arnold,2001-12-29,F,daviserik@example.net
15049226,Anthony Randolph,Dixon,Davis,2000-08-06,M,michael32@example.org
93415011,Rebecca Coleman,Cook,Kim,1973-01-16,F,qhill@example.org
85988256,Emily Oconnor,Martinez,Wilcox,1991-08-08,F,omontgomery@example.com
57548370,Ann Vaughan,Greene,Bailey,1980-12-27,F,tinaharrison@example.org
69051237,Kelly Smith,Kelly,Shields,1995-03-09,F,cevans@example.com
85760174,Samantha Singh,Hawkins,Jones,2012-03-10,F,elizabethcrosby@example.com
63370915,Charles Alvarado,Taylor,Robinson,2005-01-12,F,abell@example.net
32099654,Joseph Gibson,Hart,Smith,1982-06-04,F,marie60@example.com
31593177,Riley Joseph,Flores,Patel,1970-07-03,M,zunigajordan@example.com
80721437,Sara Vincent,Gutierrez,Sanders,1997-10-02,F,lopezbecky@example.net
73295639,Misty Fisher,Benson,Warner,1998-03-07,F,williammartin@example.org
38558627,James Garcia,Smith,Casey,1996-03-18,M,buchanangary@example.com
66430774,Sherri Roy,Deleon,Hernandez,1986-10-31,M,rruiz@example.net
